control_id,control_title,framework_key,framework_name,framework_control_id,mapping_strength,mapping_note
GV-01,Information security policy suite,N53,NIST SP 800-53 Rev 5,PM-1,full,
GV-01,Information security policy suite,N53,NIST SP 800-53 Rev 5,PL-1,full,
GV-01,Information security policy suite,CSF,NIST CSF 2.0,GV.PO-01,full,
GV-01,Information security policy suite,CSF,NIST CSF 2.0,GV.PO-02,full,
GV-01,Information security policy suite,SOC2,"SOC 2 (TSC 2017, rev. 2022)",CC1.1,partial,
GV-01,Information security policy suite,SOC2,"SOC 2 (TSC 2017, rev. 2022)",CC5.3,full,
GV-01,Information security policy suite,HIPAA,HIPAA Security Rule (45 CFR 164 subpart C),164.316(a),full,
GV-01,Information security policy suite,FEDRAMP,FedRAMP Moderate baseline,PL-1,full,M
GV-01,Information security policy suite,CMMC,CMMC 2.0 Level 2,CA.L2-3.12.4,partial,
GV-01,Information security policy suite,ISO,ISO/IEC 27001:2022 Annex A,A.5.1,full,
GV-01,Information security policy suite,IEC62443,ISA/IEC 62443-3-3 / -2-1,62443-2-1 4.2.2,full,
GV-01,Information security policy suite,CIP,NERC CIP,CIP-003-8 R1,full,
GV-01,Information security policy suite,SOX,SOX ITGC (PCAOB AS 2201 framing),ITGC-GOV-01,partial,
GV-01,Information security policy suite,GDPR,GDPR (Regulation (EU) 2016/679),Art.24(2),partial,
GV-02,"Security roles, responsibilities and decision authority",N53,NIST SP 800-53 Rev 5,PM-2,full,
GV-02,"Security roles, responsibilities and decision authority",N53,NIST SP 800-53 Rev 5,PS-7,supporting,
GV-02,"Security roles, responsibilities and decision authority",CSF,NIST CSF 2.0,GV.RR-01,full,
GV-02,"Security roles, responsibilities and decision authority",CSF,NIST CSF 2.0,GV.RR-02,full,
GV-02,"Security roles, responsibilities and decision authority",SOC2,"SOC 2 (TSC 2017, rev. 2022)",CC1.3,full,
GV-02,"Security roles, responsibilities and decision authority",SOC2,"SOC 2 (TSC 2017, rev. 2022)",CC1.5,partial,
GV-02,"Security roles, responsibilities and decision authority",HIPAA,HIPAA Security Rule (45 CFR 164 subpart C),164.308(a)(2),full,
GV-02,"Security roles, responsibilities and decision authority",FEDRAMP,FedRAMP Moderate baseline,PM-2,full,M
GV-02,"Security roles, responsibilities and decision authority",ISO,ISO/IEC 27001:2022 Annex A,A.5.2,full,
GV-02,"Security roles, responsibilities and decision authority",ISO,ISO/IEC 27001:2022 Annex A,A.5.3,partial,
GV-02,"Security roles, responsibilities and decision authority",IEC62443,ISA/IEC 62443-3-3 / -2-1,62443-2-1 4.3.2,full,
GV-02,"Security roles, responsibilities and decision authority",CIP,NERC CIP,CIP-003-8 R3,full,
GV-02,"Security roles, responsibilities and decision authority",SOX,SOX ITGC (PCAOB AS 2201 framing),ITGC-GOV-02,full,
GV-02,"Security roles, responsibilities and decision authority",GDPR,GDPR (Regulation (EU) 2016/679),Art.24,partial,
GV-02,"Security roles, responsibilities and decision authority",GDPR,GDPR (Regulation (EU) 2016/679),Art.37,supporting,
GV-03,Risk acceptance and exception governance,N53,NIST SP 800-53 Rev 5,CA-5,full,
GV-03,Risk acceptance and exception governance,N53,NIST SP 800-53 Rev 5,PM-9,partial,
GV-03,Risk acceptance and exception governance,N53,NIST SP 800-53 Rev 5,RA-3,supporting,
GV-03,Risk acceptance and exception governance,CSF,NIST CSF 2.0,GV.RM-05,full,
GV-03,Risk acceptance and exception governance,CSF,NIST CSF 2.0,GV.OV-03,partial,
GV-03,Risk acceptance and exception governance,SOC2,"SOC 2 (TSC 2017, rev. 2022)",CC3.2,partial,
GV-03,Risk acceptance and exception governance,SOC2,"SOC 2 (TSC 2017, rev. 2022)",CC9.1,partial,
GV-03,Risk acceptance and exception governance,HIPAA,HIPAA Security Rule (45 CFR 164 subpart C),164.308(a)(1)(ii)(B),partial,
GV-03,Risk acceptance and exception governance,FEDRAMP,FedRAMP Moderate baseline,CA-5,full,M
GV-03,Risk acceptance and exception governance,CMMC,CMMC 2.0 Level 2,CA.L2-3.12.2,full,
GV-03,Risk acceptance and exception governance,ISO,ISO/IEC 27001:2022 Annex A,A.5.4,supporting,
GV-03,Risk acceptance and exception governance,ISO,ISO/IEC 27001:2022 Annex A,6.1.3(d),full,
GV-03,Risk acceptance and exception governance,IEC62443,ISA/IEC 62443-3-3 / -2-1,62443-2-1 4.2.3.7,full,
GV-03,Risk acceptance and exception governance,CIP,NERC CIP,CIP-003-8 R2,partial,
GV-03,Risk acceptance and exception governance,SOX,SOX ITGC (PCAOB AS 2201 framing),ITGC-GOV-03,partial,
GV-03,Risk acceptance and exception governance,GDPR,GDPR (Regulation (EU) 2016/679),Art.32(1),supporting,
GV-04,Compliance obligation register,N53,NIST SP 800-53 Rev 5,PM-1,partial,
GV-04,Compliance obligation register,N53,NIST SP 800-53 Rev 5,PL-2,supporting,
GV-04,Compliance obligation register,CSF,NIST CSF 2.0,GV.OC-03,full,
GV-04,Compliance obligation register,SOC2,"SOC 2 (TSC 2017, rev. 2022)",CC2.3,partial,
GV-04,Compliance obligation register,SOC2,"SOC 2 (TSC 2017, rev. 2022)",CC3.1,partial,
GV-04,Compliance obligation register,HIPAA,HIPAA Security Rule (45 CFR 164 subpart C),164.316(a),partial,
GV-04,Compliance obligation register,FEDRAMP,FedRAMP Moderate baseline,PL-2,supporting,M
GV-04,Compliance obligation register,ISO,ISO/IEC 27001:2022 Annex A,A.5.31,full,
GV-04,Compliance obligation register,ISO,ISO/IEC 27001:2022 Annex A,A.5.32,partial,
GV-04,Compliance obligation register,IEC62443,ISA/IEC 62443-3-3 / -2-1,62443-2-1 4.2.2.3,partial,
GV-04,Compliance obligation register,SOX,SOX ITGC (PCAOB AS 2201 framing),ITGC-GOV-04,partial,
GV-04,Compliance obligation register,GDPR,GDPR (Regulation (EU) 2016/679),Art.30,partial,
GV-04,Compliance obligation register,GDPR,GDPR (Regulation (EU) 2016/679),Art.24,partial,
RM-01,Enterprise security risk assessment,N53,NIST SP 800-53 Rev 5,RA-3,full,
RM-01,Enterprise security risk assessment,N53,NIST SP 800-53 Rev 5,PM-9,partial,
RM-01,Enterprise security risk assessment,CSF,NIST CSF 2.0,ID.RA-01,full,
RM-01,Enterprise security risk assessment,CSF,NIST CSF 2.0,ID.RA-04,partial,
RM-01,Enterprise security risk assessment,CSF,NIST CSF 2.0,GV.RM-01,partial,
RM-01,Enterprise security risk assessment,SOC2,"SOC 2 (TSC 2017, rev. 2022)",CC3.1,full,
RM-01,Enterprise security risk assessment,SOC2,"SOC 2 (TSC 2017, rev. 2022)",CC3.2,full,
RM-01,Enterprise security risk assessment,HIPAA,HIPAA Security Rule (45 CFR 164 subpart C),164.308(a)(1)(ii)(A),full,
RM-01,Enterprise security risk assessment,FEDRAMP,FedRAMP Moderate baseline,RA-3,full,M
RM-01,Enterprise security risk assessment,CMMC,CMMC 2.0 Level 2,RA.L2-3.11.1,full,
RM-01,Enterprise security risk assessment,ISO,ISO/IEC 27001:2022 Annex A,6.1.2,full,
RM-01,Enterprise security risk assessment,ISO,ISO/IEC 27001:2022 Annex A,A.5.7,supporting,
RM-01,Enterprise security risk assessment,IEC62443,ISA/IEC 62443-3-3 / -2-1,62443-3-2 ZCR 2,full,
RM-01,Enterprise security risk assessment,CIP,NERC CIP,CIP-002-5.1a R1,partial,
RM-01,Enterprise security risk assessment,SOX,SOX ITGC (PCAOB AS 2201 framing),ITGC-RSK-01,partial,
RM-01,Enterprise security risk assessment,GDPR,GDPR (Regulation (EU) 2016/679),Art.32(1),partial,
RM-01,Enterprise security risk assessment,GDPR,GDPR (Regulation (EU) 2016/679),Art.35,supporting,
RM-02,Risk register and treatment tracking,N53,NIST SP 800-53 Rev 5,PM-9,full,
RM-02,Risk register and treatment tracking,N53,NIST SP 800-53 Rev 5,RA-7,full,
RM-02,Risk register and treatment tracking,CSF,NIST CSF 2.0,GV.RM-03,full,
RM-02,Risk register and treatment tracking,CSF,NIST CSF 2.0,ID.RA-05,partial,
RM-02,Risk register and treatment tracking,CSF,NIST CSF 2.0,ID.RA-06,full,
RM-02,Risk register and treatment tracking,SOC2,"SOC 2 (TSC 2017, rev. 2022)",CC3.2,partial,
RM-02,Risk register and treatment tracking,SOC2,"SOC 2 (TSC 2017, rev. 2022)",CC4.2,partial,
RM-02,Risk register and treatment tracking,HIPAA,HIPAA Security Rule (45 CFR 164 subpart C),164.308(a)(1)(ii)(B),full,
RM-02,Risk register and treatment tracking,FEDRAMP,FedRAMP Moderate baseline,RA-7,full,M
RM-02,Risk register and treatment tracking,CMMC,CMMC 2.0 Level 2,RA.L2-3.11.1,partial,
RM-02,Risk register and treatment tracking,ISO,ISO/IEC 27001:2022 Annex A,6.1.3,full,
RM-02,Risk register and treatment tracking,ISO,ISO/IEC 27001:2022 Annex A,A.5.7,supporting,
RM-02,Risk register and treatment tracking,IEC62443,ISA/IEC 62443-3-3 / -2-1,62443-2-1 4.2.3,full,
RM-02,Risk register and treatment tracking,SOX,SOX ITGC (PCAOB AS 2201 framing),ITGC-RSK-02,partial,
RM-02,Risk register and treatment tracking,GDPR,GDPR (Regulation (EU) 2016/679),Art.32(2),supporting,
RM-03,System categorization and impact levels,N53,NIST SP 800-53 Rev 5,RA-2,full,
RM-03,System categorization and impact levels,N53,NIST SP 800-53 Rev 5,CM-8,supporting,
RM-03,System categorization and impact levels,CSF,NIST CSF 2.0,ID.AM-05,full,
RM-03,System categorization and impact levels,SOC2,"SOC 2 (TSC 2017, rev. 2022)",CC3.2,supporting,
RM-03,System categorization and impact levels,HIPAA,HIPAA Security Rule (45 CFR 164 subpart C),164.308(a)(7)(ii)(E),partial,
RM-03,System categorization and impact levels,FEDRAMP,FedRAMP Moderate baseline,RA-2,full,M
RM-03,System categorization and impact levels,ISO,ISO/IEC 27001:2022 Annex A,A.5.12,partial,
RM-03,System categorization and impact levels,IEC62443,ISA/IEC 62443-3-3 / -2-1,62443-3-2 ZCR 3,full,SL-T assignment
RM-03,System categorization and impact levels,CIP,NERC CIP,CIP-002-5.1a R1,full,
RM-03,System categorization and impact levels,SOX,SOX ITGC (PCAOB AS 2201 framing),ITGC-SCP-01,full,
RM-03,System categorization and impact levels,GDPR,GDPR (Regulation (EU) 2016/679),Art.32(1)(b),supporting,
AM-01,Hardware asset inventory,N53,NIST SP 800-53 Rev 5,CM-8,full,
AM-01,Hardware asset inventory,N53,NIST SP 800-53 Rev 5,PM-5,partial,
AM-01,Hardware asset inventory,CSF,NIST CSF 2.0,ID.AM-01,full,
AM-01,Hardware asset inventory,SOC2,"SOC 2 (TSC 2017, rev. 2022)",CC6.1,partial,
AM-01,Hardware asset inventory,HIPAA,HIPAA Security Rule (45 CFR 164 subpart C),164.310(d)(1),partial,
AM-01,Hardware asset inventory,FEDRAMP,FedRAMP Moderate baseline,CM-8,full,M
AM-01,Hardware asset inventory,CMMC,CMMC 2.0 Level 2,CM.L2-3.4.1,partial,
AM-01,Hardware asset inventory,ISO,ISO/IEC 27001:2022 Annex A,A.5.9,full,
AM-01,Hardware asset inventory,IEC62443,ISA/IEC 62443-3-3 / -2-1,62443-2-1 4.2.3.4,full,
AM-01,Hardware asset inventory,CIP,NERC CIP,CIP-002-5.1a R1,partial,
AM-01,Hardware asset inventory,SOX,SOX ITGC (PCAOB AS 2201 framing),ITGC-SCP-02,supporting,
AM-02,Software inventory and authorized software,N53,NIST SP 800-53 Rev 5,CM-7(5),full,
AM-02,Software inventory and authorized software,N53,NIST SP 800-53 Rev 5,CM-8,partial,
AM-02,Software inventory and authorized software,N53,NIST SP 800-53 Rev 5,SI-2,supporting,
AM-02,Software inventory and authorized software,CSF,NIST CSF 2.0,ID.AM-02,full,
AM-02,Software inventory and authorized software,CSF,NIST CSF 2.0,PR.PS-02,partial,
AM-02,Software inventory and authorized software,SOC2,"SOC 2 (TSC 2017, rev. 2022)",CC6.8,partial,
AM-02,Software inventory and authorized software,HIPAA,HIPAA Security Rule (45 CFR 164 subpart C),164.308(a)(5)(ii)(B),partial,
AM-02,Software inventory and authorized software,FEDRAMP,FedRAMP Moderate baseline,CM-7(5),full,M
AM-02,Software inventory and authorized software,CMMC,CMMC 2.0 Level 2,CM.L2-3.4.8,full,
AM-02,Software inventory and authorized software,ISO,ISO/IEC 27001:2022 Annex A,A.8.19,full,
AM-02,Software inventory and authorized software,IEC62443,ISA/IEC 62443-3-3 / -2-1,62443-3-3 SR 7.7,partial,
AM-02,Software inventory and authorized software,CIP,NERC CIP,CIP-010-4 R1.1,partial,
AM-02,Software inventory and authorized software,SOX,SOX ITGC (PCAOB AS 2201 framing),ITGC-CHG-05,supporting,
AM-03,Data inventory and classification,N53,NIST SP 800-53 Rev 5,CM-8,partial,
AM-03,Data inventory and classification,N53,NIST SP 800-53 Rev 5,RA-2,partial,
AM-03,Data inventory and classification,N53,NIST SP 800-53 Rev 5,PM-5(1),full,
AM-03,Data inventory and classification,CSF,NIST CSF 2.0,ID.AM-07,full,
AM-03,Data inventory and classification,CSF,NIST CSF 2.0,ID.AM-08,partial,
AM-03,Data inventory and classification,SOC2,"SOC 2 (TSC 2017, rev. 2022)",CC6.1,partial,
AM-03,Data inventory and classification,SOC2,"SOC 2 (TSC 2017, rev. 2022)",C1.1,full,
AM-03,Data inventory and classification,HIPAA,HIPAA Security Rule (45 CFR 164 subpart C),164.308(a)(1)(ii)(A),partial,
AM-03,Data inventory and classification,HIPAA,HIPAA Security Rule (45 CFR 164 subpart C),164.310(d)(2)(iii),supporting,
AM-03,Data inventory and classification,FEDRAMP,FedRAMP Moderate baseline,PM-5(1),partial,
AM-03,Data inventory and classification,CMMC,CMMC 2.0 Level 2,MP.L2-3.8.1,partial,
AM-03,Data inventory and classification,ISO,ISO/IEC 27001:2022 Annex A,A.5.12,full,
AM-03,Data inventory and classification,ISO,ISO/IEC 27001:2022 Annex A,A.5.13,partial,
AM-03,Data inventory and classification,SOX,SOX ITGC (PCAOB AS 2201 framing),ITGC-SCP-03,partial,
AM-03,Data inventory and classification,GDPR,GDPR (Regulation (EU) 2016/679),Art.30,full,
AM-03,Data inventory and classification,GDPR,GDPR (Regulation (EU) 2016/679),Art.5(1)(e),partial,
AM-04,Software bill of materials generation and maintenance,N53,NIST SP 800-53 Rev 5,SA-15,partial,
AM-04,Software bill of materials generation and maintenance,N53,NIST SP 800-53 Rev 5,SR-4,partial,
AM-04,Software bill of materials generation and maintenance,N53,NIST SP 800-53 Rev 5,CM-8,supporting,
AM-04,Software bill of materials generation and maintenance,CSF,NIST CSF 2.0,ID.AM-08,partial,
AM-04,Software bill of materials generation and maintenance,CSF,NIST CSF 2.0,GV.SC-04,partial,
AM-04,Software bill of materials generation and maintenance,SOC2,"SOC 2 (TSC 2017, rev. 2022)",CC8.1,supporting,
AM-04,Software bill of materials generation and maintenance,FEDRAMP,FedRAMP Moderate baseline,SR-4,partial,M
AM-04,Software bill of materials generation and maintenance,ISO,ISO/IEC 27001:2022 Annex A,A.8.30,supporting,
AM-04,Software bill of materials generation and maintenance,IEC62443,ISA/IEC 62443-3-3 / -2-1,62443-4-1 SM-9,full,
AM-04,Software bill of materials generation and maintenance,CIP,NERC CIP,CIP-013-2 R1.2.5,partial,
AC-01,Account lifecycle management,N53,NIST SP 800-53 Rev 5,AC-2,full,
AC-01,Account lifecycle management,N53,NIST SP 800-53 Rev 5,AC-2(3),partial,
AC-01,Account lifecycle management,N53,NIST SP 800-53 Rev 5,PS-4,partial,
AC-01,Account lifecycle management,CSF,NIST CSF 2.0,PR.AA-01,full,
AC-01,Account lifecycle management,CSF,NIST CSF 2.0,PR.AA-05,partial,
AC-01,Account lifecycle management,SOC2,"SOC 2 (TSC 2017, rev. 2022)",CC6.2,full,
AC-01,Account lifecycle management,SOC2,"SOC 2 (TSC 2017, rev. 2022)",CC6.3,full,
AC-01,Account lifecycle management,HIPAA,HIPAA Security Rule (45 CFR 164 subpart C),164.308(a)(3)(ii)(C),full,
AC-01,Account lifecycle management,HIPAA,HIPAA Security Rule (45 CFR 164 subpart C),164.308(a)(4)(ii)(B),partial,
AC-01,Account lifecycle management,FEDRAMP,FedRAMP Moderate baseline,AC-2,full,M
AC-01,Account lifecycle management,CMMC,CMMC 2.0 Level 2,AC.L2-3.1.1,partial,
AC-01,Account lifecycle management,ISO,ISO/IEC 27001:2022 Annex A,A.5.16,full,
AC-01,Account lifecycle management,ISO,ISO/IEC 27001:2022 Annex A,A.5.18,partial,
AC-01,Account lifecycle management,IEC62443,ISA/IEC 62443-3-3 / -2-1,62443-3-3 SR 1.3,full,
AC-01,Account lifecycle management,CIP,NERC CIP,CIP-004-6 R5,full,
AC-01,Account lifecycle management,SOX,SOX ITGC (PCAOB AS 2201 framing),ITGC-ACC-01,full,
AC-01,Account lifecycle management,GDPR,GDPR (Regulation (EU) 2016/679),Art.32(1)(b),supporting,
AC-02,Least privilege and role definition,N53,NIST SP 800-53 Rev 5,AC-6,full,
AC-02,Least privilege and role definition,N53,NIST SP 800-53 Rev 5,AC-6(5),partial,
AC-02,Least privilege and role definition,N53,NIST SP 800-53 Rev 5,AC-6(7),partial,
AC-02,Least privilege and role definition,CSF,NIST CSF 2.0,PR.AA-05,full,
AC-02,Least privilege and role definition,SOC2,"SOC 2 (TSC 2017, rev. 2022)",CC6.1,full,
AC-02,Least privilege and role definition,SOC2,"SOC 2 (TSC 2017, rev. 2022)",CC6.3,partial,
AC-02,Least privilege and role definition,HIPAA,HIPAA Security Rule (45 CFR 164 subpart C),164.308(a)(4)(ii)(A),partial,
AC-02,Least privilege and role definition,HIPAA,HIPAA Security Rule (45 CFR 164 subpart C),164.312(a)(1),partial,
AC-02,Least privilege and role definition,FEDRAMP,FedRAMP Moderate baseline,AC-6,full,M
AC-02,Least privilege and role definition,CMMC,CMMC 2.0 Level 2,AC.L2-3.1.5,full,
AC-02,Least privilege and role definition,ISO,ISO/IEC 27001:2022 Annex A,A.8.2,full,
AC-02,Least privilege and role definition,IEC62443,ISA/IEC 62443-3-3 / -2-1,62443-3-3 SR 2.1,full,
AC-02,Least privilege and role definition,CIP,NERC CIP,CIP-004-6 R4.1,full,
AC-02,Least privilege and role definition,SOX,SOX ITGC (PCAOB AS 2201 framing),ITGC-ACC-02,full,
AC-02,Least privilege and role definition,GDPR,GDPR (Regulation (EU) 2016/679),Art.32(1)(b),supporting,
AC-02,Least privilege and role definition,GDPR,GDPR (Regulation (EU) 2016/679),Art.5(1)(f),supporting,
AC-03,Periodic access certification,N53,NIST SP 800-53 Rev 5,AC-2(j),full,
AC-03,Periodic access certification,N53,NIST SP 800-53 Rev 5,AC-6(7),full,
AC-03,Periodic access certification,CSF,NIST CSF 2.0,PR.AA-05,partial,
AC-03,Periodic access certification,CSF,NIST CSF 2.0,GV.OV-02,supporting,
AC-03,Periodic access certification,SOC2,"SOC 2 (TSC 2017, rev. 2022)",CC6.2,full,
AC-03,Periodic access certification,SOC2,"SOC 2 (TSC 2017, rev. 2022)",CC6.3,full,
AC-03,Periodic access certification,HIPAA,HIPAA Security Rule (45 CFR 164 subpart C),164.308(a)(4)(ii)(C),full,
AC-03,Periodic access certification,HIPAA,HIPAA Security Rule (45 CFR 164 subpart C),164.308(a)(3)(ii)(B),partial,
AC-03,Periodic access certification,FEDRAMP,FedRAMP Moderate baseline,AC-2(j),full,M
AC-03,Periodic access certification,CMMC,CMMC 2.0 Level 2,AC.L2-3.1.1,partial,
AC-03,Periodic access certification,ISO,ISO/IEC 27001:2022 Annex A,A.5.18,full,
AC-03,Periodic access certification,IEC62443,ISA/IEC 62443-3-3 / -2-1,62443-2-1 4.3.3.5,partial,
AC-03,Periodic access certification,CIP,NERC CIP,CIP-004-6 R4.3,full,
AC-03,Periodic access certification,SOX,SOX ITGC (PCAOB AS 2201 framing),ITGC-ACC-03,full,
AC-03,Periodic access certification,GDPR,GDPR (Regulation (EU) 2016/679),Art.32(1)(d),partial,
AC-04,Privileged access brokering and session recording,N53,NIST SP 800-53 Rev 5,AC-2(7),full,
AC-04,Privileged access brokering and session recording,N53,NIST SP 800-53 Rev 5,AC-6(9),full,
AC-04,Privileged access brokering and session recording,N53,NIST SP 800-53 Rev 5,AU-14,partial,
AC-04,Privileged access brokering and session recording,CSF,NIST CSF 2.0,PR.AA-05,partial,
AC-04,Privileged access brokering and session recording,CSF,NIST CSF 2.0,PR.PS-01,supporting,
AC-04,Privileged access brokering and session recording,SOC2,"SOC 2 (TSC 2017, rev. 2022)",CC6.1,partial,
AC-04,Privileged access brokering and session recording,SOC2,"SOC 2 (TSC 2017, rev. 2022)",CC6.6,partial,
AC-04,Privileged access brokering and session recording,HIPAA,HIPAA Security Rule (45 CFR 164 subpart C),164.312(a)(2)(i),partial,
AC-04,Privileged access brokering and session recording,HIPAA,HIPAA Security Rule (45 CFR 164 subpart C),164.312(b),partial,
AC-04,Privileged access brokering and session recording,FEDRAMP,FedRAMP Moderate baseline,AC-6(9),full,M
AC-04,Privileged access brokering and session recording,CMMC,CMMC 2.0 Level 2,AC.L2-3.1.7,full,
AC-04,Privileged access brokering and session recording,ISO,ISO/IEC 27001:2022 Annex A,A.8.2,partial,
AC-04,Privileged access brokering and session recording,ISO,ISO/IEC 27001:2022 Annex A,A.8.18,full,
AC-04,Privileged access brokering and session recording,IEC62443,ISA/IEC 62443-3-3 / -2-1,62443-3-3 SR 1.5,full,
AC-04,Privileged access brokering and session recording,IEC62443,ISA/IEC 62443-3-3 / -2-1,SR 2.5,partial,
AC-04,Privileged access brokering and session recording,CIP,NERC CIP,CIP-005-6 R2.1,partial,
AC-04,Privileged access brokering and session recording,CIP,NERC CIP,CIP-007-6 R5.1,partial,
AC-04,Privileged access brokering and session recording,SOX,SOX ITGC (PCAOB AS 2201 framing),ITGC-ACC-04,full,
AC-04,Privileged access brokering and session recording,GDPR,GDPR (Regulation (EU) 2016/679),Art.32(1)(b),supporting,
AC-05,Remote access control,N53,NIST SP 800-53 Rev 5,AC-17,full,
AC-05,Remote access control,N53,NIST SP 800-53 Rev 5,AC-17(2),partial,
AC-05,Remote access control,N53,NIST SP 800-53 Rev 5,IA-2(1),partial,
AC-05,Remote access control,CSF,NIST CSF 2.0,PR.AA-03,partial,
AC-05,Remote access control,CSF,NIST CSF 2.0,PR.IR-01,partial,
AC-05,Remote access control,SOC2,"SOC 2 (TSC 2017, rev. 2022)",CC6.6,full,
AC-05,Remote access control,SOC2,"SOC 2 (TSC 2017, rev. 2022)",CC6.7,partial,
AC-05,Remote access control,HIPAA,HIPAA Security Rule (45 CFR 164 subpart C),164.312(e)(1),partial,
AC-05,Remote access control,HIPAA,HIPAA Security Rule (45 CFR 164 subpart C),164.308(a)(4),supporting,
AC-05,Remote access control,FEDRAMP,FedRAMP Moderate baseline,AC-17,full,M
AC-05,Remote access control,CMMC,CMMC 2.0 Level 2,AC.L2-3.1.12,full,
AC-05,Remote access control,CMMC,CMMC 2.0 Level 2,AC.L2-3.1.13,partial,
AC-05,Remote access control,ISO,ISO/IEC 27001:2022 Annex A,A.6.7,partial,
AC-05,Remote access control,ISO,ISO/IEC 27001:2022 Annex A,A.8.20,partial,
AC-05,Remote access control,IEC62443,ISA/IEC 62443-3-3 / -2-1,62443-3-3 SR 1.13,full,
AC-05,Remote access control,IEC62443,ISA/IEC 62443-3-3 / -2-1,SR 2.6,partial,
AC-05,Remote access control,CIP,NERC CIP,CIP-005-6 R2,full,
AC-05,Remote access control,SOX,SOX ITGC (PCAOB AS 2201 framing),ITGC-ACC-05,partial,
AC-05,Remote access control,GDPR,GDPR (Regulation (EU) 2016/679),Art.32(1)(b),supporting,
AC-06,Separation of duties,N53,NIST SP 800-53 Rev 5,AC-5,full,
AC-06,Separation of duties,N53,NIST SP 800-53 Rev 5,CM-5,partial,
AC-06,Separation of duties,CSF,NIST CSF 2.0,PR.AA-05,partial,
AC-06,Separation of duties,CSF,NIST CSF 2.0,GV.RR-02,supporting,
AC-06,Separation of duties,SOC2,"SOC 2 (TSC 2017, rev. 2022)",CC5.2,partial,
AC-06,Separation of duties,SOC2,"SOC 2 (TSC 2017, rev. 2022)",CC6.3,partial,
AC-06,Separation of duties,SOC2,"SOC 2 (TSC 2017, rev. 2022)",CC8.1,partial,
AC-06,Separation of duties,HIPAA,HIPAA Security Rule (45 CFR 164 subpart C),164.308(a)(3)(ii)(A),partial,
AC-06,Separation of duties,FEDRAMP,FedRAMP Moderate baseline,AC-5,full,M
AC-06,Separation of duties,CMMC,CMMC 2.0 Level 2,AC.L2-3.1.4,full,
AC-06,Separation of duties,ISO,ISO/IEC 27001:2022 Annex A,A.5.3,full,
AC-06,Separation of duties,IEC62443,ISA/IEC 62443-3-3 / -2-1,62443-3-3 SR 2.1 RE 1,partial,
AC-06,Separation of duties,SOX,SOX ITGC (PCAOB AS 2201 framing),ITGC-ACC-06,full,
IA-01,Multi-factor authentication,N53,NIST SP 800-53 Rev 5,IA-2(1),full,
IA-01,Multi-factor authentication,N53,NIST SP 800-53 Rev 5,IA-2(2),full,
IA-01,Multi-factor authentication,N53,NIST SP 800-53 Rev 5,IA-2(6),partial,
IA-01,Multi-factor authentication,CSF,NIST CSF 2.0,PR.AA-03,full,
IA-01,Multi-factor authentication,SOC2,"SOC 2 (TSC 2017, rev. 2022)",CC6.1,full,
IA-01,Multi-factor authentication,SOC2,"SOC 2 (TSC 2017, rev. 2022)",CC6.6,partial,
IA-01,Multi-factor authentication,HIPAA,HIPAA Security Rule (45 CFR 164 subpart C),164.312(d),full,
IA-01,Multi-factor authentication,HIPAA,HIPAA Security Rule (45 CFR 164 subpart C),164.308(a)(5)(ii)(D),partial,
IA-01,Multi-factor authentication,FEDRAMP,FedRAMP Moderate baseline,IA-2(1),full,M
IA-01,Multi-factor authentication,CMMC,CMMC 2.0 Level 2,IA.L2-3.5.3,full,
IA-01,Multi-factor authentication,ISO,ISO/IEC 27001:2022 Annex A,A.8.5,full,
IA-01,Multi-factor authentication,IEC62443,ISA/IEC 62443-3-3 / -2-1,62443-3-3 SR 1.1 RE 1,full,
IA-01,Multi-factor authentication,CIP,NERC CIP,CIP-005-6 R2.3,full,
IA-01,Multi-factor authentication,SOX,SOX ITGC (PCAOB AS 2201 framing),ITGC-ACC-07,partial,
IA-01,Multi-factor authentication,GDPR,GDPR (Regulation (EU) 2016/679),Art.32(1)(b),supporting,
IA-02,Authenticator management,N53,NIST SP 800-53 Rev 5,IA-5,full,
IA-02,Authenticator management,N53,NIST SP 800-53 Rev 5,IA-5(1),full,
IA-02,Authenticator management,CSF,NIST CSF 2.0,PR.AA-01,partial,
IA-02,Authenticator management,CSF,NIST CSF 2.0,PR.AA-02,partial,
IA-02,Authenticator management,SOC2,"SOC 2 (TSC 2017, rev. 2022)",CC6.1,partial,
IA-02,Authenticator management,HIPAA,HIPAA Security Rule (45 CFR 164 subpart C),164.308(a)(5)(ii)(D),full,
IA-02,Authenticator management,FEDRAMP,FedRAMP Moderate baseline,IA-5,full,M
IA-02,Authenticator management,CMMC,CMMC 2.0 Level 2,IA.L2-3.5.7,full,
IA-02,Authenticator management,ISO,ISO/IEC 27001:2022 Annex A,A.5.17,full,
IA-02,Authenticator management,IEC62443,ISA/IEC 62443-3-3 / -2-1,62443-3-3 SR 1.5,full,
IA-02,Authenticator management,IEC62443,ISA/IEC 62443-3-3 / -2-1,SR 1.7,partial,
IA-02,Authenticator management,CIP,NERC CIP,CIP-007-6 R5.5,full,
IA-02,Authenticator management,SOX,SOX ITGC (PCAOB AS 2201 framing),ITGC-ACC-08,partial,
IA-02,Authenticator management,GDPR,GDPR (Regulation (EU) 2016/679),Art.32(1)(b),supporting,
IA-03,Non-human identity governance,N53,NIST SP 800-53 Rev 5,AC-2,partial,
IA-03,Non-human identity governance,N53,NIST SP 800-53 Rev 5,IA-9,full,
IA-03,Non-human identity governance,N53,NIST SP 800-53 Rev 5,IA-5(1),partial,
IA-03,Non-human identity governance,CSF,NIST CSF 2.0,PR.AA-01,partial,
IA-03,Non-human identity governance,CSF,NIST CSF 2.0,ID.AM-01,supporting,
IA-03,Non-human identity governance,SOC2,"SOC 2 (TSC 2017, rev. 2022)",CC6.2,partial,
IA-03,Non-human identity governance,SOC2,"SOC 2 (TSC 2017, rev. 2022)",CC6.3,partial,
IA-03,Non-human identity governance,HIPAA,HIPAA Security Rule (45 CFR 164 subpart C),164.308(a)(4)(ii)(B),supporting,
IA-03,Non-human identity governance,FEDRAMP,FedRAMP Moderate baseline,IA-9,partial,M
IA-03,Non-human identity governance,CMMC,CMMC 2.0 Level 2,IA.L2-3.5.1,partial,
IA-03,Non-human identity governance,ISO,ISO/IEC 27001:2022 Annex A,A.5.16,partial,
IA-03,Non-human identity governance,ISO,ISO/IEC 27001:2022 Annex A,A.8.2,partial,
IA-03,Non-human identity governance,IEC62443,ISA/IEC 62443-3-3 / -2-1,62443-3-3 SR 1.2,full,
IA-03,Non-human identity governance,CIP,NERC CIP,CIP-007-6 R5.2,partial,
IA-03,Non-human identity governance,SOX,SOX ITGC (PCAOB AS 2201 framing),ITGC-ACC-09,partial,
CM-01,Secure configuration baselines,N53,NIST SP 800-53 Rev 5,CM-2,full,
CM-01,Secure configuration baselines,N53,NIST SP 800-53 Rev 5,CM-6,full,
CM-01,Secure configuration baselines,N53,NIST SP 800-53 Rev 5,CM-6(1),partial,
CM-01,Secure configuration baselines,N53,NIST SP 800-53 Rev 5,AU-8,supporting,
CM-01,Secure configuration baselines,CSF,NIST CSF 2.0,PR.PS-01,full,
CM-01,Secure configuration baselines,CSF,NIST CSF 2.0,DE.CM-09,partial,
CM-01,Secure configuration baselines,SOC2,"SOC 2 (TSC 2017, rev. 2022)",CC6.8,partial,
CM-01,Secure configuration baselines,SOC2,"SOC 2 (TSC 2017, rev. 2022)",CC7.1,full,
CM-01,Secure configuration baselines,HIPAA,HIPAA Security Rule (45 CFR 164 subpart C),164.308(a)(5)(ii)(B),supporting,
CM-01,Secure configuration baselines,FEDRAMP,FedRAMP Moderate baseline,CM-6,full,M
CM-01,Secure configuration baselines,CMMC,CMMC 2.0 Level 2,CM.L2-3.4.1,full,
CM-01,Secure configuration baselines,CMMC,CMMC 2.0 Level 2,CM.L2-3.4.2,full,
CM-01,Secure configuration baselines,ISO,ISO/IEC 27001:2022 Annex A,A.8.9,full,
CM-01,Secure configuration baselines,IEC62443,ISA/IEC 62443-3-3 / -2-1,62443-3-3 SR 7.6,full,
CM-01,Secure configuration baselines,CIP,NERC CIP,CIP-010-4 R1.1,full,
CM-01,Secure configuration baselines,CIP,NERC CIP,CIP-010-4 R2,partial,
CM-01,Secure configuration baselines,SOX,SOX ITGC (PCAOB AS 2201 framing),ITGC-CHG-06,partial,
CM-01,Secure configuration baselines,SOX,SOX ITGC (PCAOB AS 2201 framing),ITGC-CHG-02,partial,
CM-01,Secure configuration baselines,GDPR,GDPR (Regulation (EU) 2016/679),Art.32(1)(b),supporting,
CM-02,Change management and approval,N53,NIST SP 800-53 Rev 5,CM-3,full,
CM-02,Change management and approval,N53,NIST SP 800-53 Rev 5,CM-4,partial,
CM-02,Change management and approval,N53,NIST SP 800-53 Rev 5,CM-5,partial,
CM-02,Change management and approval,CSF,NIST CSF 2.0,PR.PS-01,partial,
CM-02,Change management and approval,CSF,NIST CSF 2.0,ID.AM-08,supporting,
CM-02,Change management and approval,SOC2,"SOC 2 (TSC 2017, rev. 2022)",CC8.1,full,
CM-02,Change management and approval,HIPAA,HIPAA Security Rule (45 CFR 164 subpart C),164.308(a)(8),partial,
CM-02,Change management and approval,FEDRAMP,FedRAMP Moderate baseline,CM-3,full,M
CM-02,Change management and approval,CMMC,CMMC 2.0 Level 2,CM.L2-3.4.3,full,
CM-02,Change management and approval,CMMC,CMMC 2.0 Level 2,CM.L2-3.4.5,partial,
CM-02,Change management and approval,ISO,ISO/IEC 27001:2022 Annex A,A.8.32,full,
CM-02,Change management and approval,IEC62443,ISA/IEC 62443-3-3 / -2-1,62443-2-1 4.3.4.3,full,
CM-02,Change management and approval,CIP,NERC CIP,CIP-010-4 R1.2,full,
CM-02,Change management and approval,SOX,SOX ITGC (PCAOB AS 2201 framing),ITGC-CHG-01,full,
VM-01,Vulnerability scanning coverage,N53,NIST SP 800-53 Rev 5,RA-5,full,
VM-01,Vulnerability scanning coverage,N53,NIST SP 800-53 Rev 5,RA-5(5),partial,
VM-01,Vulnerability scanning coverage,CSF,NIST CSF 2.0,ID.RA-01,full,
VM-01,Vulnerability scanning coverage,CSF,NIST CSF 2.0,DE.CM-08,partial,
VM-01,Vulnerability scanning coverage,SOC2,"SOC 2 (TSC 2017, rev. 2022)",CC7.1,full,
VM-01,Vulnerability scanning coverage,HIPAA,HIPAA Security Rule (45 CFR 164 subpart C),164.308(a)(1)(ii)(A),partial,
VM-01,Vulnerability scanning coverage,HIPAA,HIPAA Security Rule (45 CFR 164 subpart C),164.308(a)(8),full,
VM-01,Vulnerability scanning coverage,FEDRAMP,FedRAMP Moderate baseline,RA-5,full,M
VM-01,Vulnerability scanning coverage,CMMC,CMMC 2.0 Level 2,RA.L2-3.11.2,full,
VM-01,Vulnerability scanning coverage,ISO,ISO/IEC 27001:2022 Annex A,A.8.8,full,
VM-01,Vulnerability scanning coverage,IEC62443,ISA/IEC 62443-3-3 / -2-1,62443-2-1 4.3.4.4,partial,
VM-01,Vulnerability scanning coverage,CIP,NERC CIP,CIP-010-4 R3.1,full,
VM-01,Vulnerability scanning coverage,SOX,SOX ITGC (PCAOB AS 2201 framing),ITGC-OPS-03,supporting,
VM-01,Vulnerability scanning coverage,GDPR,GDPR (Regulation (EU) 2016/679),Art.32(1)(d),partial,
VM-02,Remediation within severity-based service levels,N53,NIST SP 800-53 Rev 5,RA-5(c),full,
VM-02,Remediation within severity-based service levels,N53,NIST SP 800-53 Rev 5,SI-2,partial,
VM-02,Remediation within severity-based service levels,CSF,NIST CSF 2.0,ID.RA-06,full,
VM-02,Remediation within severity-based service levels,CSF,NIST CSF 2.0,RS.MI-03,partial,
VM-02,Remediation within severity-based service levels,SOC2,"SOC 2 (TSC 2017, rev. 2022)",CC7.1,partial,
VM-02,Remediation within severity-based service levels,SOC2,"SOC 2 (TSC 2017, rev. 2022)",CC7.4,partial,
VM-02,Remediation within severity-based service levels,HIPAA,HIPAA Security Rule (45 CFR 164 subpart C),164.308(a)(1)(ii)(B),partial,
VM-02,Remediation within severity-based service levels,FEDRAMP,FedRAMP Moderate baseline,RA-5(c),full,"M, with FedRAMP timelines"
VM-02,Remediation within severity-based service levels,CMMC,CMMC 2.0 Level 2,RA.L2-3.11.3,full,
VM-02,Remediation within severity-based service levels,ISO,ISO/IEC 27001:2022 Annex A,A.8.8,partial,
VM-02,Remediation within severity-based service levels,IEC62443,ISA/IEC 62443-3-3 / -2-1,62443-2-1 4.3.4.4,partial,
VM-02,Remediation within severity-based service levels,CIP,NERC CIP,CIP-007-6 R2.3,partial,
VM-02,Remediation within severity-based service levels,GDPR,GDPR (Regulation (EU) 2016/679),Art.32(1)(d),partial,
VM-03,Penetration testing,N53,NIST SP 800-53 Rev 5,CA-8,full,
VM-03,Penetration testing,N53,NIST SP 800-53 Rev 5,RA-5(11),partial,
VM-03,Penetration testing,CSF,NIST CSF 2.0,ID.IM-02,full,
VM-03,Penetration testing,SOC2,"SOC 2 (TSC 2017, rev. 2022)",CC4.1,partial,
VM-03,Penetration testing,HIPAA,HIPAA Security Rule (45 CFR 164 subpart C),164.308(a)(8),partial,
VM-03,Penetration testing,FEDRAMP,FedRAMP Moderate baseline,CA-8,full,M
VM-03,Penetration testing,CMMC,CMMC 2.0 Level 2,CA.L2-3.12.1,partial,
VM-03,Penetration testing,ISO,ISO/IEC 27001:2022 Annex A,A.8.8,partial,
VM-03,Penetration testing,ISO,ISO/IEC 27001:2022 Annex A,A.5.35,supporting,
VM-03,Penetration testing,IEC62443,ISA/IEC 62443-3-3 / -2-1,62443-4-1 SVV-3,full,
VM-03,Penetration testing,CIP,NERC CIP,CIP-010-4 R3.2,partial,
VM-03,Penetration testing,GDPR,GDPR (Regulation (EU) 2016/679),Art.32(1)(d),full,
SI-01,Endpoint protection and detection,N53,NIST SP 800-53 Rev 5,SI-3,full,
SI-01,Endpoint protection and detection,N53,NIST SP 800-53 Rev 5,SI-4(2),partial,
SI-01,Endpoint protection and detection,CSF,NIST CSF 2.0,DE.CM-01,partial,
SI-01,Endpoint protection and detection,CSF,NIST CSF 2.0,PR.PS-05,full,
SI-01,Endpoint protection and detection,SOC2,"SOC 2 (TSC 2017, rev. 2022)",CC6.8,full,
SI-01,Endpoint protection and detection,SOC2,"SOC 2 (TSC 2017, rev. 2022)",CC7.1,partial,
SI-01,Endpoint protection and detection,HIPAA,HIPAA Security Rule (45 CFR 164 subpart C),164.308(a)(5)(ii)(B),full,
SI-01,Endpoint protection and detection,FEDRAMP,FedRAMP Moderate baseline,SI-3,full,M
SI-01,Endpoint protection and detection,CMMC,CMMC 2.0 Level 2,SI.L2-3.14.2,full,
SI-01,Endpoint protection and detection,CMMC,CMMC 2.0 Level 2,SI.L2-3.14.4,partial,
SI-01,Endpoint protection and detection,ISO,ISO/IEC 27001:2022 Annex A,A.8.7,full,
SI-01,Endpoint protection and detection,IEC62443,ISA/IEC 62443-3-3 / -2-1,62443-3-3 SR 3.2,full,
SI-01,Endpoint protection and detection,CIP,NERC CIP,CIP-007-6 R3,full,
SI-01,Endpoint protection and detection,GDPR,GDPR (Regulation (EU) 2016/679),Art.32(1)(b),supporting,
SI-02,Patch management,N53,NIST SP 800-53 Rev 5,SI-2,full,
SI-02,Patch management,N53,NIST SP 800-53 Rev 5,CM-3,supporting,
SI-02,Patch management,CSF,NIST CSF 2.0,ID.RA-01,partial,
SI-02,Patch management,CSF,NIST CSF 2.0,PR.PS-02,full,
SI-02,Patch management,SOC2,"SOC 2 (TSC 2017, rev. 2022)",CC7.1,partial,
SI-02,Patch management,HIPAA,HIPAA Security Rule (45 CFR 164 subpart C),164.308(a)(5)(ii)(B),partial,
SI-02,Patch management,FEDRAMP,FedRAMP Moderate baseline,SI-2,full,M
SI-02,Patch management,CMMC,CMMC 2.0 Level 2,SI.L2-3.14.1,full,
SI-02,Patch management,ISO,ISO/IEC 27001:2022 Annex A,A.8.8,partial,
SI-02,Patch management,IEC62443,ISA/IEC 62443-3-3 / -2-1,62443-2-3,full,
SI-02,Patch management,CIP,NERC CIP,CIP-007-6 R2,full,35-day evaluation cycle
SI-02,Patch management,SOX,SOX ITGC (PCAOB AS 2201 framing),ITGC-CHG-03,partial,
SI-02,Patch management,GDPR,GDPR (Regulation (EU) 2016/679),Art.32(1)(b),supporting,
SI-03,Software authenticity and integrity verification,N53,NIST SP 800-53 Rev 5,SI-7,full,
SI-03,Software authenticity and integrity verification,N53,NIST SP 800-53 Rev 5,CM-14,full,
SI-03,Software authenticity and integrity verification,N53,NIST SP 800-53 Rev 5,SR-11,partial,
SI-03,Software authenticity and integrity verification,CSF,NIST CSF 2.0,PR.DS-06,full,
SI-03,Software authenticity and integrity verification,CSF,NIST CSF 2.0,GV.SC-06,partial,
SI-03,Software authenticity and integrity verification,SOC2,"SOC 2 (TSC 2017, rev. 2022)",CC8.1,partial,
SI-03,Software authenticity and integrity verification,HIPAA,HIPAA Security Rule (45 CFR 164 subpart C),164.312(c)(1),partial,
SI-03,Software authenticity and integrity verification,FEDRAMP,FedRAMP Moderate baseline,SI-7,full,M
SI-03,Software authenticity and integrity verification,CMMC,CMMC 2.0 Level 2,SI.L2-3.14.1,partial,
SI-03,Software authenticity and integrity verification,ISO,ISO/IEC 27001:2022 Annex A,A.8.19,partial,
SI-03,Software authenticity and integrity verification,ISO,ISO/IEC 27001:2022 Annex A,A.8.30,supporting,
SI-03,Software authenticity and integrity verification,IEC62443,ISA/IEC 62443-3-3 / -2-1,62443-3-3 SR 3.4,full,
SI-03,Software authenticity and integrity verification,IEC62443,ISA/IEC 62443-3-3 / -2-1,62443-4-1 SM-6,partial,
SI-03,Software authenticity and integrity verification,CIP,NERC CIP,CIP-010-4 R1.6,full,
SI-03,Software authenticity and integrity verification,SOX,SOX ITGC (PCAOB AS 2201 framing),ITGC-CHG-04,partial,
AU-01,Audit log generation standard,N53,NIST SP 800-53 Rev 5,AU-2,full,
AU-01,Audit log generation standard,N53,NIST SP 800-53 Rev 5,AU-3,full,
AU-01,Audit log generation standard,N53,NIST SP 800-53 Rev 5,AU-12,partial,
AU-01,Audit log generation standard,CSF,NIST CSF 2.0,PR.PS-04,full,
AU-01,Audit log generation standard,CSF,NIST CSF 2.0,DE.AE-03,partial,
AU-01,Audit log generation standard,SOC2,"SOC 2 (TSC 2017, rev. 2022)",CC7.2,partial,
AU-01,Audit log generation standard,HIPAA,HIPAA Security Rule (45 CFR 164 subpart C),164.312(b),full,
AU-01,Audit log generation standard,HIPAA,HIPAA Security Rule (45 CFR 164 subpart C),164.308(a)(1)(ii)(D),partial,
AU-01,Audit log generation standard,FEDRAMP,FedRAMP Moderate baseline,AU-2,full,M
AU-01,Audit log generation standard,CMMC,CMMC 2.0 Level 2,AU.L2-3.3.1,full,
AU-01,Audit log generation standard,CMMC,CMMC 2.0 Level 2,AU.L2-3.3.2,full,
AU-01,Audit log generation standard,ISO,ISO/IEC 27001:2022 Annex A,A.8.15,full,
AU-01,Audit log generation standard,IEC62443,ISA/IEC 62443-3-3 / -2-1,62443-3-3 SR 2.8,full,
AU-01,Audit log generation standard,CIP,NERC CIP,CIP-007-6 R4.1,full,
AU-01,Audit log generation standard,SOX,SOX ITGC (PCAOB AS 2201 framing),ITGC-OPS-01,partial,
AU-01,Audit log generation standard,GDPR,GDPR (Regulation (EU) 2016/679),Art.32(1)(b),supporting,
AU-01,Audit log generation standard,GDPR,GDPR (Regulation (EU) 2016/679),Art.30,supporting,
AU-02,"Log retention, protection and integrity",N53,NIST SP 800-53 Rev 5,AU-9,full,
AU-02,"Log retention, protection and integrity",N53,NIST SP 800-53 Rev 5,AU-11,full,
AU-02,"Log retention, protection and integrity",N53,NIST SP 800-53 Rev 5,AU-6(7),partial,
AU-02,"Log retention, protection and integrity",CSF,NIST CSF 2.0,PR.PS-04,partial,
AU-02,"Log retention, protection and integrity",CSF,NIST CSF 2.0,PR.DS-01,supporting,
AU-02,"Log retention, protection and integrity",SOC2,"SOC 2 (TSC 2017, rev. 2022)",CC7.2,partial,
AU-02,"Log retention, protection and integrity",SOC2,"SOC 2 (TSC 2017, rev. 2022)",CC6.1,supporting,
AU-02,"Log retention, protection and integrity",HIPAA,HIPAA Security Rule (45 CFR 164 subpart C),164.312(b),partial,
AU-02,"Log retention, protection and integrity",HIPAA,HIPAA Security Rule (45 CFR 164 subpart C),164.316(b)(2)(i),full,
AU-02,"Log retention, protection and integrity",FEDRAMP,FedRAMP Moderate baseline,AU-11,full,M
AU-02,"Log retention, protection and integrity",CMMC,CMMC 2.0 Level 2,AU.L2-3.3.8,full,
AU-02,"Log retention, protection and integrity",CMMC,CMMC 2.0 Level 2,AU.L2-3.3.9,partial,
AU-02,"Log retention, protection and integrity",ISO,ISO/IEC 27001:2022 Annex A,A.8.15,partial,
AU-02,"Log retention, protection and integrity",IEC62443,ISA/IEC 62443-3-3 / -2-1,62443-3-3 SR 2.9,full,
AU-02,"Log retention, protection and integrity",IEC62443,ISA/IEC 62443-3-3 / -2-1,SR 2.11,partial,
AU-02,"Log retention, protection and integrity",CIP,NERC CIP,CIP-007-6 R4.3,full,
AU-02,"Log retention, protection and integrity",SOX,SOX ITGC (PCAOB AS 2201 framing),ITGC-OPS-02,full,
AU-02,"Log retention, protection and integrity",GDPR,GDPR (Regulation (EU) 2016/679),Art.5(1)(e),partial,
AU-03,Security monitoring and detection content,N53,NIST SP 800-53 Rev 5,SI-4,full,
AU-03,Security monitoring and detection content,N53,NIST SP 800-53 Rev 5,AU-6,full,
AU-03,Security monitoring and detection content,N53,NIST SP 800-53 Rev 5,IR-4(1),partial,
AU-03,Security monitoring and detection content,CSF,NIST CSF 2.0,DE.CM-01,full,
AU-03,Security monitoring and detection content,CSF,NIST CSF 2.0,DE.AE-02,full,
AU-03,Security monitoring and detection content,CSF,NIST CSF 2.0,DE.AE-07,partial,
AU-03,Security monitoring and detection content,SOC2,"SOC 2 (TSC 2017, rev. 2022)",CC7.2,full,
AU-03,Security monitoring and detection content,HIPAA,HIPAA Security Rule (45 CFR 164 subpart C),164.308(a)(1)(ii)(D),full,
AU-03,Security monitoring and detection content,FEDRAMP,FedRAMP Moderate baseline,SI-4,full,M
AU-03,Security monitoring and detection content,CMMC,CMMC 2.0 Level 2,SI.L2-3.14.6,full,
AU-03,Security monitoring and detection content,CMMC,CMMC 2.0 Level 2,AU.L2-3.3.5,partial,
AU-03,Security monitoring and detection content,ISO,ISO/IEC 27001:2022 Annex A,A.8.16,full,
AU-03,Security monitoring and detection content,IEC62443,ISA/IEC 62443-3-3 / -2-1,62443-3-3 SR 6.2,full,
AU-03,Security monitoring and detection content,CIP,NERC CIP,CIP-007-6 R4.2,full,
AU-03,Security monitoring and detection content,GDPR,GDPR (Regulation (EU) 2016/679),Art.32(1)(d),supporting,
IR-01,Incident response plan and severity model,N53,NIST SP 800-53 Rev 5,IR-1,full,
IR-01,Incident response plan and severity model,N53,NIST SP 800-53 Rev 5,IR-8,full,
IR-01,Incident response plan and severity model,N53,NIST SP 800-53 Rev 5,IR-3,partial,
IR-01,Incident response plan and severity model,CSF,NIST CSF 2.0,RS.MA-01,full,
IR-01,Incident response plan and severity model,CSF,NIST CSF 2.0,ID.IM-02,partial,
IR-01,Incident response plan and severity model,SOC2,"SOC 2 (TSC 2017, rev. 2022)",CC7.3,partial,
IR-01,Incident response plan and severity model,SOC2,"SOC 2 (TSC 2017, rev. 2022)",CC7.4,full,
IR-01,Incident response plan and severity model,HIPAA,HIPAA Security Rule (45 CFR 164 subpart C),164.308(a)(6)(i),full,
IR-01,Incident response plan and severity model,FEDRAMP,FedRAMP Moderate baseline,IR-8,full,M
IR-01,Incident response plan and severity model,CMMC,CMMC 2.0 Level 2,IR.L2-3.6.1,full,
IR-01,Incident response plan and severity model,CMMC,CMMC 2.0 Level 2,IR.L2-3.6.3,full,
IR-01,Incident response plan and severity model,ISO,ISO/IEC 27001:2022 Annex A,A.5.24,full,
IR-01,Incident response plan and severity model,ISO,ISO/IEC 27001:2022 Annex A,A.5.26,partial,
IR-01,Incident response plan and severity model,IEC62443,ISA/IEC 62443-3-3 / -2-1,62443-2-1 4.3.4.5,full,
IR-01,Incident response plan and severity model,CIP,NERC CIP,CIP-008-6 R1,full,
IR-01,Incident response plan and severity model,GDPR,GDPR (Regulation (EU) 2016/679),Art.33,supporting,
IR-02,"Incident detection, triage and escalation",N53,NIST SP 800-53 Rev 5,IR-4,full,
IR-02,"Incident detection, triage and escalation",N53,NIST SP 800-53 Rev 5,IR-5,partial,
IR-02,"Incident detection, triage and escalation",N53,NIST SP 800-53 Rev 5,IR-6,partial,
IR-02,"Incident detection, triage and escalation",CSF,NIST CSF 2.0,RS.MA-02,full,
IR-02,"Incident detection, triage and escalation",CSF,NIST CSF 2.0,RS.MA-03,full,
IR-02,"Incident detection, triage and escalation",CSF,NIST CSF 2.0,DE.AE-06,partial,
IR-02,"Incident detection, triage and escalation",SOC2,"SOC 2 (TSC 2017, rev. 2022)",CC7.3,full,
IR-02,"Incident detection, triage and escalation",SOC2,"SOC 2 (TSC 2017, rev. 2022)",CC7.4,partial,
IR-02,"Incident detection, triage and escalation",HIPAA,HIPAA Security Rule (45 CFR 164 subpart C),164.308(a)(6)(ii),full,
IR-02,"Incident detection, triage and escalation",FEDRAMP,FedRAMP Moderate baseline,IR-4,full,M
IR-02,"Incident detection, triage and escalation",CMMC,CMMC 2.0 Level 2,IR.L2-3.6.1,partial,
IR-02,"Incident detection, triage and escalation",CMMC,CMMC 2.0 Level 2,IR.L2-3.6.2,full,
IR-02,"Incident detection, triage and escalation",ISO,ISO/IEC 27001:2022 Annex A,A.5.25,full,
IR-02,"Incident detection, triage and escalation",ISO,ISO/IEC 27001:2022 Annex A,A.5.26,full,
IR-02,"Incident detection, triage and escalation",IEC62443,ISA/IEC 62443-3-3 / -2-1,62443-3-3 SR 6.1,partial,
IR-02,"Incident detection, triage and escalation",CIP,NERC CIP,CIP-008-6 R1.2,full,
IR-02,"Incident detection, triage and escalation",GDPR,GDPR (Regulation (EU) 2016/679),Art.33(1),partial,
IR-03,Regulatory and contractual breach notification,N53,NIST SP 800-53 Rev 5,IR-6,full,
IR-03,Regulatory and contractual breach notification,N53,NIST SP 800-53 Rev 5,IR-6(1),partial,
IR-03,Regulatory and contractual breach notification,CSF,NIST CSF 2.0,RS.CO-04,full,
IR-03,Regulatory and contractual breach notification,CSF,NIST CSF 2.0,RS.CO-03,partial,
IR-03,Regulatory and contractual breach notification,SOC2,"SOC 2 (TSC 2017, rev. 2022)",CC2.3,partial,
IR-03,Regulatory and contractual breach notification,SOC2,"SOC 2 (TSC 2017, rev. 2022)",CC7.4,partial,
IR-03,Regulatory and contractual breach notification,HIPAA,HIPAA Security Rule (45 CFR 164 subpart C),164.404,full,
IR-03,Regulatory and contractual breach notification,HIPAA,HIPAA Security Rule (45 CFR 164 subpart C),164.408,full,
IR-03,Regulatory and contractual breach notification,HIPAA,HIPAA Security Rule (45 CFR 164 subpart C),164.410,partial,
IR-03,Regulatory and contractual breach notification,FEDRAMP,FedRAMP Moderate baseline,IR-6,full,"M, US-CERT timelines"
IR-03,Regulatory and contractual breach notification,CMMC,CMMC 2.0 Level 2,IR.L2-3.6.2,partial,
IR-03,Regulatory and contractual breach notification,ISO,ISO/IEC 27001:2022 Annex A,A.5.24,partial,
IR-03,Regulatory and contractual breach notification,ISO,ISO/IEC 27001:2022 Annex A,A.5.5,partial,
IR-03,Regulatory and contractual breach notification,CIP,NERC CIP,CIP-008-6 R4,full,
IR-03,Regulatory and contractual breach notification,GDPR,GDPR (Regulation (EU) 2016/679),Art.33,full,
IR-03,Regulatory and contractual breach notification,GDPR,GDPR (Regulation (EU) 2016/679),Art.34,full,
IR-04,Post-incident review and corrective action,N53,NIST SP 800-53 Rev 5,IR-4(m),full,
IR-04,Post-incident review and corrective action,N53,NIST SP 800-53 Rev 5,CA-7,supporting,
IR-04,Post-incident review and corrective action,CSF,NIST CSF 2.0,RC.RP-06,partial,
IR-04,Post-incident review and corrective action,CSF,NIST CSF 2.0,ID.IM-04,full,
IR-04,Post-incident review and corrective action,SOC2,"SOC 2 (TSC 2017, rev. 2022)",CC4.2,partial,
IR-04,Post-incident review and corrective action,SOC2,"SOC 2 (TSC 2017, rev. 2022)",CC7.5,full,
IR-04,Post-incident review and corrective action,HIPAA,HIPAA Security Rule (45 CFR 164 subpart C),164.308(a)(6)(ii),partial,
IR-04,Post-incident review and corrective action,HIPAA,HIPAA Security Rule (45 CFR 164 subpart C),164.308(a)(8),partial,
IR-04,Post-incident review and corrective action,FEDRAMP,FedRAMP Moderate baseline,IR-4,partial,M
IR-04,Post-incident review and corrective action,CMMC,CMMC 2.0 Level 2,IR.L2-3.6.1,partial,
IR-04,Post-incident review and corrective action,ISO,ISO/IEC 27001:2022 Annex A,A.5.27,full,
IR-04,Post-incident review and corrective action,IEC62443,ISA/IEC 62443-3-3 / -2-1,62443-2-1 4.3.4.5.11,full,
IR-04,Post-incident review and corrective action,CIP,NERC CIP,CIP-008-6 R3,full,
IR-04,Post-incident review and corrective action,GDPR,GDPR (Regulation (EU) 2016/679),Art.32(1)(d),supporting,
CP-01,Backup and verified restore,N53,NIST SP 800-53 Rev 5,CP-9,full,
CP-01,Backup and verified restore,N53,NIST SP 800-53 Rev 5,CP-10,partial,
CP-01,Backup and verified restore,N53,NIST SP 800-53 Rev 5,CP-9(1),full,
CP-01,Backup and verified restore,CSF,NIST CSF 2.0,PR.DS-11,full,
CP-01,Backup and verified restore,CSF,NIST CSF 2.0,RC.RP-03,partial,
CP-01,Backup and verified restore,SOC2,"SOC 2 (TSC 2017, rev. 2022)",A1.2,full,
CP-01,Backup and verified restore,SOC2,"SOC 2 (TSC 2017, rev. 2022)",A1.3,partial,
CP-01,Backup and verified restore,HIPAA,HIPAA Security Rule (45 CFR 164 subpart C),164.308(a)(7)(ii)(A),full,
CP-01,Backup and verified restore,HIPAA,HIPAA Security Rule (45 CFR 164 subpart C),164.310(d)(2)(iv),partial,
CP-01,Backup and verified restore,FEDRAMP,FedRAMP Moderate baseline,CP-9,full,M
CP-01,Backup and verified restore,CMMC,CMMC 2.0 Level 2,MP.L2-3.8.9,full,
CP-01,Backup and verified restore,ISO,ISO/IEC 27001:2022 Annex A,A.8.13,full,
CP-01,Backup and verified restore,IEC62443,ISA/IEC 62443-3-3 / -2-1,62443-3-3 SR 7.3,full,
CP-01,Backup and verified restore,IEC62443,ISA/IEC 62443-3-3 / -2-1,SR 7.4,partial,
CP-01,Backup and verified restore,CIP,NERC CIP,CIP-009-6 R1.5,full,
CP-01,Backup and verified restore,SOX,SOX ITGC (PCAOB AS 2201 framing),ITGC-OPS-05,full,
CP-01,Backup and verified restore,GDPR,GDPR (Regulation (EU) 2016/679),Art.32(1)(c),full,
CP-02,Disaster recovery objectives and testing,N53,NIST SP 800-53 Rev 5,CP-2,full,
CP-02,Disaster recovery objectives and testing,N53,NIST SP 800-53 Rev 5,CP-4,full,
CP-02,Disaster recovery objectives and testing,N53,NIST SP 800-53 Rev 5,CP-10,partial,
CP-02,Disaster recovery objectives and testing,CSF,NIST CSF 2.0,RC.RP-01,full,
CP-02,Disaster recovery objectives and testing,CSF,NIST CSF 2.0,ID.BE-05,partial,
CP-02,Disaster recovery objectives and testing,SOC2,"SOC 2 (TSC 2017, rev. 2022)",A1.2,partial,
CP-02,Disaster recovery objectives and testing,SOC2,"SOC 2 (TSC 2017, rev. 2022)",A1.3,full,
CP-02,Disaster recovery objectives and testing,HIPAA,HIPAA Security Rule (45 CFR 164 subpart C),164.308(a)(7)(ii)(B),full,
CP-02,Disaster recovery objectives and testing,HIPAA,HIPAA Security Rule (45 CFR 164 subpart C),164.308(a)(7)(ii)(C),partial,
CP-02,Disaster recovery objectives and testing,FEDRAMP,FedRAMP Moderate baseline,CP-4,full,M
CP-02,Disaster recovery objectives and testing,ISO,ISO/IEC 27001:2022 Annex A,A.5.29,full,
CP-02,Disaster recovery objectives and testing,ISO,ISO/IEC 27001:2022 Annex A,A.5.30,partial,
CP-02,Disaster recovery objectives and testing,IEC62443,ISA/IEC 62443-3-3 / -2-1,62443-2-1 4.3.2.5,full,
CP-02,Disaster recovery objectives and testing,CIP,NERC CIP,CIP-009-6 R2,full,
CP-02,Disaster recovery objectives and testing,SOX,SOX ITGC (PCAOB AS 2201 framing),ITGC-OPS-06,partial,
CP-02,Disaster recovery objectives and testing,GDPR,GDPR (Regulation (EU) 2016/679),Art.32(1)(c),partial,
DP-01,Encryption in transit,N53,NIST SP 800-53 Rev 5,SC-8,full,
DP-01,Encryption in transit,N53,NIST SP 800-53 Rev 5,SC-8(1),full,
DP-01,Encryption in transit,N53,NIST SP 800-53 Rev 5,SC-13,partial,
DP-01,Encryption in transit,CSF,NIST CSF 2.0,PR.DS-02,full,
DP-01,Encryption in transit,SOC2,"SOC 2 (TSC 2017, rev. 2022)",CC6.7,full,
DP-01,Encryption in transit,HIPAA,HIPAA Security Rule (45 CFR 164 subpart C),164.312(e)(1),full,
DP-01,Encryption in transit,HIPAA,HIPAA Security Rule (45 CFR 164 subpart C),164.312(e)(2)(ii),full,
DP-01,Encryption in transit,FEDRAMP,FedRAMP Moderate baseline,SC-8(1),full,"M, FIPS-validated"
DP-01,Encryption in transit,CMMC,CMMC 2.0 Level 2,SC.L2-3.13.8,full,
DP-01,Encryption in transit,CMMC,CMMC 2.0 Level 2,SC.L2-3.13.11,partial,
DP-01,Encryption in transit,ISO,ISO/IEC 27001:2022 Annex A,A.8.24,full,
DP-01,Encryption in transit,IEC62443,ISA/IEC 62443-3-3 / -2-1,62443-3-3 SR 4.1,full,
DP-01,Encryption in transit,CIP,NERC CIP,CIP-005-6 R2.2,partial,
DP-01,Encryption in transit,GDPR,GDPR (Regulation (EU) 2016/679),Art.32(1)(a),full,
DP-02,Encryption at rest,N53,NIST SP 800-53 Rev 5,SC-28,full,
DP-02,Encryption at rest,N53,NIST SP 800-53 Rev 5,SC-28(1),full,
DP-02,Encryption at rest,N53,NIST SP 800-53 Rev 5,SC-13,partial,
DP-02,Encryption at rest,CSF,NIST CSF 2.0,PR.DS-01,full,
DP-02,Encryption at rest,SOC2,"SOC 2 (TSC 2017, rev. 2022)",CC6.1,partial,
DP-02,Encryption at rest,SOC2,"SOC 2 (TSC 2017, rev. 2022)",C1.1,partial,
DP-02,Encryption at rest,HIPAA,HIPAA Security Rule (45 CFR 164 subpart C),164.312(a)(2)(iv),full,
DP-02,Encryption at rest,FEDRAMP,FedRAMP Moderate baseline,SC-28,full,M
DP-02,Encryption at rest,CMMC,CMMC 2.0 Level 2,SC.L2-3.13.16,full,
DP-02,Encryption at rest,ISO,ISO/IEC 27001:2022 Annex A,A.8.24,partial,
DP-02,Encryption at rest,IEC62443,ISA/IEC 62443-3-3 / -2-1,62443-3-3 SR 4.1,partial,
DP-02,Encryption at rest,CIP,NERC CIP,CIP-011-2 R1.2,partial,
DP-02,Encryption at rest,GDPR,GDPR (Regulation (EU) 2016/679),Art.32(1)(a),full,
DP-03,Cryptographic key management,N53,NIST SP 800-53 Rev 5,SC-12,full,
DP-03,Cryptographic key management,N53,NIST SP 800-53 Rev 5,SC-12(1),partial,
DP-03,Cryptographic key management,N53,NIST SP 800-53 Rev 5,SC-17,partial,
DP-03,Cryptographic key management,CSF,NIST CSF 2.0,PR.DS-01,partial,
DP-03,Cryptographic key management,CSF,NIST CSF 2.0,PR.AA-01,supporting,
DP-03,Cryptographic key management,SOC2,"SOC 2 (TSC 2017, rev. 2022)",CC6.1,partial,
DP-03,Cryptographic key management,HIPAA,HIPAA Security Rule (45 CFR 164 subpart C),164.312(a)(2)(iv),partial,
DP-03,Cryptographic key management,FEDRAMP,FedRAMP Moderate baseline,SC-12,full,M
DP-03,Cryptographic key management,CMMC,CMMC 2.0 Level 2,SC.L2-3.13.10,full,
DP-03,Cryptographic key management,ISO,ISO/IEC 27001:2022 Annex A,A.8.24,full,
DP-03,Cryptographic key management,IEC62443,ISA/IEC 62443-3-3 / -2-1,62443-3-3 SR 4.3,full,
DP-03,Cryptographic key management,GDPR,GDPR (Regulation (EU) 2016/679),Art.32(1)(a),partial,
DP-04,Data retention and secure disposal,N53,NIST SP 800-53 Rev 5,MP-6,full,
DP-04,Data retention and secure disposal,N53,NIST SP 800-53 Rev 5,SI-12,partial,
DP-04,Data retention and secure disposal,N53,NIST SP 800-53 Rev 5,AU-11,supporting,
DP-04,Data retention and secure disposal,CSF,NIST CSF 2.0,PR.DS-03,full,
DP-04,Data retention and secure disposal,CSF,NIST CSF 2.0,ID.AM-08,partial,
DP-04,Data retention and secure disposal,SOC2,"SOC 2 (TSC 2017, rev. 2022)",C1.2,full,
DP-04,Data retention and secure disposal,SOC2,"SOC 2 (TSC 2017, rev. 2022)",P4.3,partial,
DP-04,Data retention and secure disposal,HIPAA,HIPAA Security Rule (45 CFR 164 subpart C),164.310(d)(2)(i),full,
DP-04,Data retention and secure disposal,HIPAA,HIPAA Security Rule (45 CFR 164 subpart C),164.310(d)(2)(ii),full,
DP-04,Data retention and secure disposal,FEDRAMP,FedRAMP Moderate baseline,MP-6,full,M
DP-04,Data retention and secure disposal,CMMC,CMMC 2.0 Level 2,MP.L2-3.8.3,full,
DP-04,Data retention and secure disposal,ISO,ISO/IEC 27001:2022 Annex A,A.8.10,full,
DP-04,Data retention and secure disposal,ISO,ISO/IEC 27001:2022 Annex A,A.7.14,partial,
DP-04,Data retention and secure disposal,IEC62443,ISA/IEC 62443-3-3 / -2-1,62443-3-3 SR 4.2,full,
DP-04,Data retention and secure disposal,CIP,NERC CIP,CIP-011-2 R2,full,
DP-04,Data retention and secure disposal,GDPR,GDPR (Regulation (EU) 2016/679),Art.5(1)(e),full,
DP-04,Data retention and secure disposal,GDPR,GDPR (Regulation (EU) 2016/679),Art.17,partial,
PS-01,Personnel screening and access authorization,N53,NIST SP 800-53 Rev 5,PS-3,full,
PS-01,Personnel screening and access authorization,N53,NIST SP 800-53 Rev 5,PS-2,partial,
PS-01,Personnel screening and access authorization,CSF,NIST CSF 2.0,GV.RR-04,partial,
PS-01,Personnel screening and access authorization,CSF,NIST CSF 2.0,PR.AA-01,supporting,
PS-01,Personnel screening and access authorization,SOC2,"SOC 2 (TSC 2017, rev. 2022)",CC1.4,full,
PS-01,Personnel screening and access authorization,HIPAA,HIPAA Security Rule (45 CFR 164 subpart C),164.308(a)(3)(ii)(B),full,
PS-01,Personnel screening and access authorization,FEDRAMP,FedRAMP Moderate baseline,PS-3,full,M
PS-01,Personnel screening and access authorization,CMMC,CMMC 2.0 Level 2,PS.L2-3.9.1,full,
PS-01,Personnel screening and access authorization,ISO,ISO/IEC 27001:2022 Annex A,A.6.1,full,
PS-01,Personnel screening and access authorization,IEC62443,ISA/IEC 62443-3-3 / -2-1,62443-2-1 4.3.3.2,full,
PS-01,Personnel screening and access authorization,CIP,NERC CIP,CIP-004-6 R3,full,
PS-01,Personnel screening and access authorization,GDPR,GDPR (Regulation (EU) 2016/679),Art.32(4),partial,
PS-02,Role-based security competence,N53,NIST SP 800-53 Rev 5,AT-3,full,
PS-02,Role-based security competence,N53,NIST SP 800-53 Rev 5,AT-2,partial,
PS-02,Role-based security competence,CSF,NIST CSF 2.0,PR.AT-02,full,
PS-02,Role-based security competence,CSF,NIST CSF 2.0,PR.AT-01,partial,
PS-02,Role-based security competence,SOC2,"SOC 2 (TSC 2017, rev. 2022)",CC1.4,partial,
PS-02,Role-based security competence,HIPAA,HIPAA Security Rule (45 CFR 164 subpart C),164.308(a)(5)(i),partial,
PS-02,Role-based security competence,FEDRAMP,FedRAMP Moderate baseline,AT-3,full,M
PS-02,Role-based security competence,CMMC,CMMC 2.0 Level 2,AT.L2-3.2.2,full,
PS-02,Role-based security competence,ISO,ISO/IEC 27001:2022 Annex A,A.6.3,full,
PS-02,Role-based security competence,IEC62443,ISA/IEC 62443-3-3 / -2-1,62443-2-1 4.3.2.4,full,
PS-02,Role-based security competence,IEC62443,ISA/IEC 62443-3-3 / -2-1,62443-4-1 SM-4,partial,
PS-02,Role-based security competence,CIP,NERC CIP,CIP-004-6 R2,full,
PS-02,Role-based security competence,GDPR,GDPR (Regulation (EU) 2016/679),Art.39(1)(b),supporting,
PE-01,Physical access control,N53,NIST SP 800-53 Rev 5,PE-2,full,
PE-01,Physical access control,N53,NIST SP 800-53 Rev 5,PE-3,full,
PE-01,Physical access control,N53,NIST SP 800-53 Rev 5,PE-6,partial,
PE-01,Physical access control,CSF,NIST CSF 2.0,PR.AA-06,full,
PE-01,Physical access control,SOC2,"SOC 2 (TSC 2017, rev. 2022)",CC6.4,full,
PE-01,Physical access control,HIPAA,HIPAA Security Rule (45 CFR 164 subpart C),164.310(a)(1),full,
PE-01,Physical access control,HIPAA,HIPAA Security Rule (45 CFR 164 subpart C),164.310(a)(2)(ii),partial,
PE-01,Physical access control,FEDRAMP,FedRAMP Moderate baseline,PE-3,full,M
PE-01,Physical access control,CMMC,CMMC 2.0 Level 2,PE.L2-3.10.1,full,
PE-01,Physical access control,CMMC,CMMC 2.0 Level 2,PE.L2-3.10.3,partial,
PE-01,Physical access control,ISO,ISO/IEC 27001:2022 Annex A,A.7.2,full,
PE-01,Physical access control,ISO,ISO/IEC 27001:2022 Annex A,A.7.3,partial,
PE-01,Physical access control,IEC62443,ISA/IEC 62443-3-3 / -2-1,62443-2-1 4.3.3.3,full,
PE-01,Physical access control,CIP,NERC CIP,CIP-006-6 R1,full,
PE-01,Physical access control,SOX,SOX ITGC (PCAOB AS 2201 framing),ITGC-OPS-07,partial,
PE-01,Physical access control,GDPR,GDPR (Regulation (EU) 2016/679),Art.32(1)(b),supporting,
PE-02,Media handling and removable media control,N53,NIST SP 800-53 Rev 5,MP-2,full,
PE-02,Media handling and removable media control,N53,NIST SP 800-53 Rev 5,MP-5,partial,
PE-02,Media handling and removable media control,N53,NIST SP 800-53 Rev 5,MP-7,full,
PE-02,Media handling and removable media control,CSF,NIST CSF 2.0,PR.DS-01,supporting,
PE-02,Media handling and removable media control,CSF,NIST CSF 2.0,PR.PS-01,supporting,
PE-02,Media handling and removable media control,SOC2,"SOC 2 (TSC 2017, rev. 2022)",CC6.7,partial,
PE-02,Media handling and removable media control,HIPAA,HIPAA Security Rule (45 CFR 164 subpart C),164.310(d)(1),full,
PE-02,Media handling and removable media control,FEDRAMP,FedRAMP Moderate baseline,MP-7,full,M
PE-02,Media handling and removable media control,CMMC,CMMC 2.0 Level 2,MP.L2-3.8.7,full,
PE-02,Media handling and removable media control,CMMC,CMMC 2.0 Level 2,MP.L2-3.8.8,partial,
PE-02,Media handling and removable media control,ISO,ISO/IEC 27001:2022 Annex A,A.7.10,full,
PE-02,Media handling and removable media control,IEC62443,ISA/IEC 62443-3-3 / -2-1,62443-3-3 SR 2.3,full,
PE-02,Media handling and removable media control,CIP,NERC CIP,CIP-003-8 Att.1 §5,full,
PE-02,Media handling and removable media control,GDPR,GDPR (Regulation (EU) 2016/679),Art.32(1)(b),supporting,
SA-01,Secure development lifecycle gates,N53,NIST SP 800-53 Rev 5,SA-3,full,
SA-01,Secure development lifecycle gates,N53,NIST SP 800-53 Rev 5,SA-8,partial,
SA-01,Secure development lifecycle gates,N53,NIST SP 800-53 Rev 5,SA-11,partial,
SA-01,Secure development lifecycle gates,CSF,NIST CSF 2.0,PR.PS-06,full,
SA-01,Secure development lifecycle gates,CSF,NIST CSF 2.0,GV.SC-05,supporting,
SA-01,Secure development lifecycle gates,SOC2,"SOC 2 (TSC 2017, rev. 2022)",CC8.1,partial,
SA-01,Secure development lifecycle gates,FEDRAMP,FedRAMP Moderate baseline,SA-3,full,M
SA-01,Secure development lifecycle gates,ISO,ISO/IEC 27001:2022 Annex A,A.8.25,full,
SA-01,Secure development lifecycle gates,ISO,ISO/IEC 27001:2022 Annex A,A.8.27,partial,
SA-01,Secure development lifecycle gates,IEC62443,ISA/IEC 62443-3-3 / -2-1,62443-4-1 SR-2,full,
SA-01,Secure development lifecycle gates,IEC62443,ISA/IEC 62443-3-3 / -2-1,SD-1,full,
SA-01,Secure development lifecycle gates,IEC62443,ISA/IEC 62443-3-3 / -2-1,SVV-1,partial,
SA-01,Secure development lifecycle gates,SOX,SOX ITGC (PCAOB AS 2201 framing),ITGC-CHG-07,supporting,
SA-01,Secure development lifecycle gates,GDPR,GDPR (Regulation (EU) 2016/679),Art.25,partial,
SA-02,Application and dependency security testing,N53,NIST SP 800-53 Rev 5,SA-11,full,
SA-02,Application and dependency security testing,N53,NIST SP 800-53 Rev 5,RA-5,partial,
SA-02,Application and dependency security testing,N53,NIST SP 800-53 Rev 5,SI-2,supporting,
SA-02,Application and dependency security testing,CSF,NIST CSF 2.0,PR.PS-06,partial,
SA-02,Application and dependency security testing,CSF,NIST CSF 2.0,ID.RA-01,supporting,
SA-02,Application and dependency security testing,SOC2,"SOC 2 (TSC 2017, rev. 2022)",CC7.1,partial,
SA-02,Application and dependency security testing,SOC2,"SOC 2 (TSC 2017, rev. 2022)",CC8.1,partial,
SA-02,Application and dependency security testing,FEDRAMP,FedRAMP Moderate baseline,SA-11,full,M
SA-02,Application and dependency security testing,ISO,ISO/IEC 27001:2022 Annex A,A.8.28,full,
SA-02,Application and dependency security testing,ISO,ISO/IEC 27001:2022 Annex A,A.8.29,full,
SA-02,Application and dependency security testing,IEC62443,ISA/IEC 62443-3-3 / -2-1,62443-4-1 SVV-1,full,
SA-02,Application and dependency security testing,IEC62443,ISA/IEC 62443-3-3 / -2-1,SVV-2,full,
SA-02,Application and dependency security testing,GDPR,GDPR (Regulation (EU) 2016/679),Art.32(1)(d),supporting,
SA-03,Product security postmarket obligations,N53,NIST SP 800-53 Rev 5,SA-15(6),partial,
SA-03,Product security postmarket obligations,N53,NIST SP 800-53 Rev 5,SI-5,full,
SA-03,Product security postmarket obligations,N53,NIST SP 800-53 Rev 5,SR-8,partial,
SA-03,Product security postmarket obligations,CSF,NIST CSF 2.0,ID.RA-02,full,
SA-03,Product security postmarket obligations,CSF,NIST CSF 2.0,RS.CO-02,partial,
SA-03,Product security postmarket obligations,SOC2,"SOC 2 (TSC 2017, rev. 2022)",CC2.3,supporting,
SA-03,Product security postmarket obligations,FEDRAMP,FedRAMP Moderate baseline,SI-5,partial,M
SA-03,Product security postmarket obligations,ISO,ISO/IEC 27001:2022 Annex A,A.5.6,partial,
SA-03,Product security postmarket obligations,ISO,ISO/IEC 27001:2022 Annex A,A.8.8,supporting,
SA-03,Product security postmarket obligations,IEC62443,ISA/IEC 62443-3-3 / -2-1,62443-4-1 DM-1,full,
SA-03,Product security postmarket obligations,IEC62443,ISA/IEC 62443-3-3 / -2-1,DM-4,full,
SA-03,Product security postmarket obligations,IEC62443,ISA/IEC 62443-3-3 / -2-1,SUM-1,full,
SA-04,Environment separation and non-production data,N53,NIST SP 800-53 Rev 5,CM-4(1),full,
SA-04,Environment separation and non-production data,N53,NIST SP 800-53 Rev 5,SC-7,partial,
SA-04,Environment separation and non-production data,N53,NIST SP 800-53 Rev 5,SA-15,supporting,
SA-04,Environment separation and non-production data,CSF,NIST CSF 2.0,PR.IR-01,partial,
SA-04,Environment separation and non-production data,CSF,NIST CSF 2.0,PR.DS-01,supporting,
SA-04,Environment separation and non-production data,SOC2,"SOC 2 (TSC 2017, rev. 2022)",CC6.1,partial,
SA-04,Environment separation and non-production data,SOC2,"SOC 2 (TSC 2017, rev. 2022)",CC8.1,partial,
SA-04,Environment separation and non-production data,HIPAA,HIPAA Security Rule (45 CFR 164 subpart C),164.514(a),partial,
SA-04,Environment separation and non-production data,HIPAA,HIPAA Security Rule (45 CFR 164 subpart C),164.308(a)(4),supporting,
SA-04,Environment separation and non-production data,FEDRAMP,FedRAMP Moderate baseline,CM-4(1),full,M
SA-04,Environment separation and non-production data,ISO,ISO/IEC 27001:2022 Annex A,A.8.31,full,
SA-04,Environment separation and non-production data,ISO,ISO/IEC 27001:2022 Annex A,A.8.33,full,
SA-04,Environment separation and non-production data,IEC62443,ISA/IEC 62443-3-3 / -2-1,62443-4-1 SI-1,partial,
SA-04,Environment separation and non-production data,SOX,SOX ITGC (PCAOB AS 2201 framing),ITGC-CHG-08,full,
SA-04,Environment separation and non-production data,GDPR,GDPR (Regulation (EU) 2016/679),Art.5(1)(b),partial,
SA-04,Environment separation and non-production data,GDPR,GDPR (Regulation (EU) 2016/679),Art.32(1)(a),partial,
SR-01,Vendor security assessment and tiering,N53,NIST SP 800-53 Rev 5,SR-6,full,
SR-01,Vendor security assessment and tiering,N53,NIST SP 800-53 Rev 5,SA-9,partial,
SR-01,Vendor security assessment and tiering,N53,NIST SP 800-53 Rev 5,SR-3,partial,
SR-01,Vendor security assessment and tiering,CSF,NIST CSF 2.0,GV.SC-06,full,
SR-01,Vendor security assessment and tiering,CSF,NIST CSF 2.0,GV.SC-07,full,
SR-01,Vendor security assessment and tiering,CSF,NIST CSF 2.0,ID.RA-10,partial,
SR-01,Vendor security assessment and tiering,SOC2,"SOC 2 (TSC 2017, rev. 2022)",CC9.2,full,
SR-01,Vendor security assessment and tiering,HIPAA,HIPAA Security Rule (45 CFR 164 subpart C),164.308(b)(1),partial,
SR-01,Vendor security assessment and tiering,HIPAA,HIPAA Security Rule (45 CFR 164 subpart C),164.314(a),partial,
SR-01,Vendor security assessment and tiering,FEDRAMP,FedRAMP Moderate baseline,SA-9,full,M
SR-01,Vendor security assessment and tiering,ISO,ISO/IEC 27001:2022 Annex A,A.5.19,full,
SR-01,Vendor security assessment and tiering,ISO,ISO/IEC 27001:2022 Annex A,A.5.21,partial,
SR-01,Vendor security assessment and tiering,ISO,ISO/IEC 27001:2022 Annex A,A.5.22,full,
SR-01,Vendor security assessment and tiering,IEC62443,ISA/IEC 62443-3-3 / -2-1,62443-2-4,partial,
SR-01,Vendor security assessment and tiering,CIP,NERC CIP,CIP-013-2 R1.1,full,
SR-01,Vendor security assessment and tiering,SOX,SOX ITGC (PCAOB AS 2201 framing),ITGC-VEN-01,partial,
SR-01,Vendor security assessment and tiering,GDPR,GDPR (Regulation (EU) 2016/679),Art.28(1),full,
SR-02,Contractual security requirements and flow-down,N53,NIST SP 800-53 Rev 5,SR-5,full,
SR-02,Contractual security requirements and flow-down,N53,NIST SP 800-53 Rev 5,SA-4,partial,
SR-02,Contractual security requirements and flow-down,N53,NIST SP 800-53 Rev 5,SA-9(1),partial,
SR-02,Contractual security requirements and flow-down,CSF,NIST CSF 2.0,GV.SC-05,full,
SR-02,Contractual security requirements and flow-down,CSF,NIST CSF 2.0,GV.SC-09,partial,
SR-02,Contractual security requirements and flow-down,SOC2,"SOC 2 (TSC 2017, rev. 2022)",CC9.2,partial,
SR-02,Contractual security requirements and flow-down,HIPAA,HIPAA Security Rule (45 CFR 164 subpart C),164.308(b)(3),full,
SR-02,Contractual security requirements and flow-down,HIPAA,HIPAA Security Rule (45 CFR 164 subpart C),164.314(a)(2),full,
SR-02,Contractual security requirements and flow-down,FEDRAMP,FedRAMP Moderate baseline,SA-4,full,M
SR-02,Contractual security requirements and flow-down,ISO,ISO/IEC 27001:2022 Annex A,A.5.20,full,
SR-02,Contractual security requirements and flow-down,ISO,ISO/IEC 27001:2022 Annex A,A.5.23,partial,
SR-02,Contractual security requirements and flow-down,IEC62443,ISA/IEC 62443-3-3 / -2-1,62443-2-4 SP.01,partial,
SR-02,Contractual security requirements and flow-down,CIP,NERC CIP,CIP-013-2 R1.2,full,
SR-02,Contractual security requirements and flow-down,SOX,SOX ITGC (PCAOB AS 2201 framing),ITGC-VEN-02,partial,
SR-02,Contractual security requirements and flow-down,GDPR,GDPR (Regulation (EU) 2016/679),Art.28(3),full,
SR-02,Contractual security requirements and flow-down,GDPR,GDPR (Regulation (EU) 2016/679),Art.28(2),partial,
SR-02,Contractual security requirements and flow-down,GDPR,GDPR (Regulation (EU) 2016/679),Art.44,supporting,
SR-03,Supplier component provenance,N53,NIST SP 800-53 Rev 5,SR-4,full,
SR-03,Supplier component provenance,N53,NIST SP 800-53 Rev 5,SR-3,partial,
SR-03,Supplier component provenance,N53,NIST SP 800-53 Rev 5,SR-11,partial,
SR-03,Supplier component provenance,CSF,NIST CSF 2.0,GV.SC-08,partial,
SR-03,Supplier component provenance,CSF,NIST CSF 2.0,ID.AM-08,partial,
SR-03,Supplier component provenance,SOC2,"SOC 2 (TSC 2017, rev. 2022)",CC9.2,supporting,
SR-03,Supplier component provenance,FEDRAMP,FedRAMP Moderate baseline,SR-3,partial,M
SR-03,Supplier component provenance,ISO,ISO/IEC 27001:2022 Annex A,A.5.21,full,
SR-03,Supplier component provenance,IEC62443,ISA/IEC 62443-3-3 / -2-1,62443-4-1 SM-9,full,
SR-03,Supplier component provenance,IEC62443,ISA/IEC 62443-3-3 / -2-1,SM-10,partial,
SR-03,Supplier component provenance,CIP,NERC CIP,CIP-013-2 R1.2.5,full,
PR-01,Records of processing and lawful basis,N53,NIST SP 800-53 Rev 5,PM-5(1),partial,
PR-01,Records of processing and lawful basis,N53,NIST SP 800-53 Rev 5,PT-2,full,
PR-01,Records of processing and lawful basis,N53,NIST SP 800-53 Rev 5,PT-3,full,
PR-01,Records of processing and lawful basis,CSF,NIST CSF 2.0,GV.OC-03,partial,
PR-01,Records of processing and lawful basis,CSF,NIST CSF 2.0,ID.AM-07,partial,
PR-01,Records of processing and lawful basis,SOC2,"SOC 2 (TSC 2017, rev. 2022)",P1.1,full,
PR-01,Records of processing and lawful basis,SOC2,"SOC 2 (TSC 2017, rev. 2022)",P2.1,partial,
PR-01,Records of processing and lawful basis,HIPAA,HIPAA Security Rule (45 CFR 164 subpart C),164.502(b),supporting,
PR-01,Records of processing and lawful basis,FEDRAMP,FedRAMP Moderate baseline,PT-3,partial,M
PR-01,Records of processing and lawful basis,ISO,ISO/IEC 27001:2022 Annex A,A.5.34,full,
PR-01,Records of processing and lawful basis,GDPR,GDPR (Regulation (EU) 2016/679),Art.30,full,
PR-01,Records of processing and lawful basis,GDPR,GDPR (Regulation (EU) 2016/679),Art.6,full,
PR-01,Records of processing and lawful basis,GDPR,GDPR (Regulation (EU) 2016/679),Art.13,partial,
PR-02,Data subject rights fulfilment,N53,NIST SP 800-53 Rev 5,PT-6,partial,
PR-02,Data subject rights fulfilment,N53,NIST SP 800-53 Rev 5,PM-22,partial,
PR-02,Data subject rights fulfilment,CSF,NIST CSF 2.0,GV.OC-03,supporting,
PR-02,Data subject rights fulfilment,SOC2,"SOC 2 (TSC 2017, rev. 2022)",P5.1,full,
PR-02,Data subject rights fulfilment,SOC2,"SOC 2 (TSC 2017, rev. 2022)",P5.2,partial,
PR-02,Data subject rights fulfilment,SOC2,"SOC 2 (TSC 2017, rev. 2022)",P6.1,supporting,
PR-02,Data subject rights fulfilment,HIPAA,HIPAA Security Rule (45 CFR 164 subpart C),164.524,full,
PR-02,Data subject rights fulfilment,HIPAA,HIPAA Security Rule (45 CFR 164 subpart C),164.526,full,
PR-02,Data subject rights fulfilment,ISO,ISO/IEC 27001:2022 Annex A,A.5.34,partial,
PR-02,Data subject rights fulfilment,GDPR,GDPR (Regulation (EU) 2016/679),Art.12,full,
PR-02,Data subject rights fulfilment,GDPR,GDPR (Regulation (EU) 2016/679),Art.15,full,
PR-02,Data subject rights fulfilment,GDPR,GDPR (Regulation (EU) 2016/679),Art.16,full,
PR-02,Data subject rights fulfilment,GDPR,GDPR (Regulation (EU) 2016/679),Art.17,full,
PR-02,Data subject rights fulfilment,GDPR,GDPR (Regulation (EU) 2016/679),Art.20,partial,
PR-03,Data protection impact assessment,N53,NIST SP 800-53 Rev 5,RA-8,full,
PR-03,Data protection impact assessment,N53,NIST SP 800-53 Rev 5,PT-4,supporting,
PR-03,Data protection impact assessment,CSF,NIST CSF 2.0,ID.RA-01,supporting,
PR-03,Data protection impact assessment,CSF,NIST CSF 2.0,GV.RM-01,supporting,
PR-03,Data protection impact assessment,SOC2,"SOC 2 (TSC 2017, rev. 2022)",P3.1,partial,
PR-03,Data protection impact assessment,HIPAA,HIPAA Security Rule (45 CFR 164 subpart C),164.308(a)(1)(ii)(A),supporting,
PR-03,Data protection impact assessment,FEDRAMP,FedRAMP Moderate baseline,RA-8,full,M
PR-03,Data protection impact assessment,ISO,ISO/IEC 27001:2022 Annex A,A.5.34,partial,
PR-03,Data protection impact assessment,GDPR,GDPR (Regulation (EU) 2016/679),Art.35,full,
PR-03,Data protection impact assessment,GDPR,GDPR (Regulation (EU) 2016/679),Art.36,partial,
OT-01,Zone and conduit segmentation,N53,NIST SP 800-53 Rev 5,SC-7,full,
OT-01,Zone and conduit segmentation,N53,NIST SP 800-53 Rev 5,SC-7(5),partial,
OT-01,Zone and conduit segmentation,N53,NIST SP 800-53 Rev 5,AC-4,partial,
OT-01,Zone and conduit segmentation,CSF,NIST CSF 2.0,PR.IR-01,full,
OT-01,Zone and conduit segmentation,CSF,NIST CSF 2.0,ID.AM-03,partial,
OT-01,Zone and conduit segmentation,SOC2,"SOC 2 (TSC 2017, rev. 2022)",CC6.6,partial,
OT-01,Zone and conduit segmentation,HIPAA,HIPAA Security Rule (45 CFR 164 subpart C),164.312(e)(1),supporting,
OT-01,Zone and conduit segmentation,FEDRAMP,FedRAMP Moderate baseline,SC-7,full,M
OT-01,Zone and conduit segmentation,CMMC,CMMC 2.0 Level 2,SC.L2-3.13.1,full,
OT-01,Zone and conduit segmentation,CMMC,CMMC 2.0 Level 2,SC.L2-3.13.5,partial,
OT-01,Zone and conduit segmentation,ISO,ISO/IEC 27001:2022 Annex A,A.8.20,full,
OT-01,Zone and conduit segmentation,ISO,ISO/IEC 27001:2022 Annex A,A.8.22,full,
OT-01,Zone and conduit segmentation,IEC62443,ISA/IEC 62443-3-3 / -2-1,62443-3-2 ZCR 4,full,
OT-01,Zone and conduit segmentation,IEC62443,ISA/IEC 62443-3-3 / -2-1,62443-3-3 SR 5.1,full,
OT-01,Zone and conduit segmentation,IEC62443,ISA/IEC 62443-3-3 / -2-1,SR 5.2,full,
OT-01,Zone and conduit segmentation,CIP,NERC CIP,CIP-005-6 R1,full,
OT-02,Industrial remote and vendor access,N53,NIST SP 800-53 Rev 5,AC-17,partial,
OT-02,Industrial remote and vendor access,N53,NIST SP 800-53 Rev 5,MA-4,full,
OT-02,Industrial remote and vendor access,N53,NIST SP 800-53 Rev 5,AC-2(11),partial,
OT-02,Industrial remote and vendor access,CSF,NIST CSF 2.0,PR.AA-05,partial,
OT-02,Industrial remote and vendor access,CSF,NIST CSF 2.0,GV.SC-07,supporting,
OT-02,Industrial remote and vendor access,SOC2,"SOC 2 (TSC 2017, rev. 2022)",CC6.6,partial,
OT-02,Industrial remote and vendor access,SOC2,"SOC 2 (TSC 2017, rev. 2022)",CC9.2,supporting,
OT-02,Industrial remote and vendor access,FEDRAMP,FedRAMP Moderate baseline,MA-4,full,M
OT-02,Industrial remote and vendor access,CMMC,CMMC 2.0 Level 2,MA.L2-3.7.5,full,
OT-02,Industrial remote and vendor access,ISO,ISO/IEC 27001:2022 Annex A,A.8.21,partial,
OT-02,Industrial remote and vendor access,ISO,ISO/IEC 27001:2022 Annex A,A.5.22,supporting,
OT-02,Industrial remote and vendor access,IEC62443,ISA/IEC 62443-3-3 / -2-1,62443-3-3 SR 1.13,full,
OT-02,Industrial remote and vendor access,IEC62443,ISA/IEC 62443-3-3 / -2-1,SR 2.6,full,
OT-02,Industrial remote and vendor access,CIP,NERC CIP,CIP-005-6 R2.4,full,
OT-02,Industrial remote and vendor access,CIP,NERC CIP,R2.5,full,
OT-03,Unsupported industrial system compensations,N53,NIST SP 800-53 Rev 5,SI-2,partial,
OT-03,Unsupported industrial system compensations,N53,NIST SP 800-53 Rev 5,CA-5,partial,
OT-03,Unsupported industrial system compensations,N53,NIST SP 800-53 Rev 5,SC-7(5),partial,
OT-03,Unsupported industrial system compensations,CSF,NIST CSF 2.0,ID.AM-01,partial,
OT-03,Unsupported industrial system compensations,CSF,NIST CSF 2.0,GV.RM-05,partial,
OT-03,Unsupported industrial system compensations,CSF,NIST CSF 2.0,PR.IR-01,partial,
OT-03,Unsupported industrial system compensations,SOC2,"SOC 2 (TSC 2017, rev. 2022)",CC7.1,partial,
OT-03,Unsupported industrial system compensations,FEDRAMP,FedRAMP Moderate baseline,CA-5,partial,M
OT-03,Unsupported industrial system compensations,ISO,ISO/IEC 27001:2022 Annex A,A.8.8,partial,
OT-03,Unsupported industrial system compensations,ISO,ISO/IEC 27001:2022 Annex A,A.5.4,supporting,
OT-03,Unsupported industrial system compensations,IEC62443,ISA/IEC 62443-3-3 / -2-1,62443-2-3,full,
OT-03,Unsupported industrial system compensations,IEC62443,ISA/IEC 62443-3-3 / -2-1,62443-3-3 SR 7.6,partial,
OT-03,Unsupported industrial system compensations,CIP,NERC CIP,CIP-007-6 R2.3,full,mitigation plan
NW-01,Boundary protection,N53,NIST SP 800-53 Rev 5,SC-7,full,
NW-01,Boundary protection,N53,NIST SP 800-53 Rev 5,SC-7(4),partial,
NW-01,Boundary protection,N53,NIST SP 800-53 Rev 5,CM-7,partial,
NW-01,Boundary protection,CSF,NIST CSF 2.0,PR.IR-01,full,
NW-01,Boundary protection,CSF,NIST CSF 2.0,DE.CM-01,partial,
NW-01,Boundary protection,SOC2,"SOC 2 (TSC 2017, rev. 2022)",CC6.6,full,
NW-01,Boundary protection,HIPAA,HIPAA Security Rule (45 CFR 164 subpart C),164.312(e)(1),partial,
NW-01,Boundary protection,FEDRAMP,FedRAMP Moderate baseline,SC-7,full,M
NW-01,Boundary protection,CMMC,CMMC 2.0 Level 2,SC.L2-3.13.1,full,
NW-01,Boundary protection,CMMC,CMMC 2.0 Level 2,SC.L2-3.13.6,full,
NW-01,Boundary protection,ISO,ISO/IEC 27001:2022 Annex A,A.8.20,full,
NW-01,Boundary protection,ISO,ISO/IEC 27001:2022 Annex A,A.8.22,partial,
NW-01,Boundary protection,IEC62443,ISA/IEC 62443-3-3 / -2-1,62443-3-3 SR 5.1,partial,
NW-01,Boundary protection,CIP,NERC CIP,CIP-005-6 R1.3,full,
NW-01,Boundary protection,GDPR,GDPR (Regulation (EU) 2016/679),Art.32(1)(b),supporting,
NW-02,Egress control and data movement monitoring,N53,NIST SP 800-53 Rev 5,SC-7(5),full,
NW-02,Egress control and data movement monitoring,N53,NIST SP 800-53 Rev 5,AC-4,full,
NW-02,Egress control and data movement monitoring,N53,NIST SP 800-53 Rev 5,SI-4(4),partial,
NW-02,Egress control and data movement monitoring,CSF,NIST CSF 2.0,PR.DS-02,partial,
NW-02,Egress control and data movement monitoring,CSF,NIST CSF 2.0,DE.CM-01,partial,
NW-02,Egress control and data movement monitoring,CSF,NIST CSF 2.0,DE.AE-02,supporting,
NW-02,Egress control and data movement monitoring,SOC2,"SOC 2 (TSC 2017, rev. 2022)",CC6.7,partial,
NW-02,Egress control and data movement monitoring,SOC2,"SOC 2 (TSC 2017, rev. 2022)",CC7.2,partial,
NW-02,Egress control and data movement monitoring,HIPAA,HIPAA Security Rule (45 CFR 164 subpart C),164.312(e)(1),partial,
NW-02,Egress control and data movement monitoring,FEDRAMP,FedRAMP Moderate baseline,SC-7(5),full,M
NW-02,Egress control and data movement monitoring,CMMC,CMMC 2.0 Level 2,SC.L2-3.13.1,partial,
NW-02,Egress control and data movement monitoring,CMMC,CMMC 2.0 Level 2,AC.L2-3.1.3,full,
NW-02,Egress control and data movement monitoring,ISO,ISO/IEC 27001:2022 Annex A,A.8.12,full,
NW-02,Egress control and data movement monitoring,ISO,ISO/IEC 27001:2022 Annex A,A.8.20,partial,
NW-02,Egress control and data movement monitoring,IEC62443,ISA/IEC 62443-3-3 / -2-1,62443-3-3 SR 5.2,partial,
NW-02,Egress control and data movement monitoring,CIP,NERC CIP,CIP-005-6 R1.3,partial,
NW-02,Egress control and data movement monitoring,GDPR,GDPR (Regulation (EU) 2016/679),Art.32(1)(b),partial,
NW-02,Egress control and data movement monitoring,GDPR,GDPR (Regulation (EU) 2016/679),Art.44,supporting,
